"","pclass","survived","sex","age","sibsp","parch","fare","embarked","title","solo"
"4","3rd",1,"female",29.0053285968028,0,0,7.75,"Queenstown","Mr",1
"5","3rd",1,"male",29.0053285968028,0,0,7.75,"Queenstown","Miss",1
"6","3rd",1,"female",29.0053285968028,2,0,23.25,"Queenstown","Miss",0
"7","3rd",1,"female",29.0053285968028,2,0,23.25,"Queenstown","Mr",0
"8","3rd",1,"male",29.0053285968028,2,0,23.25,"Queenstown","Miss",0
"9","3rd",1,"female",29.0053285968028,0,0,7.7874999,"Queenstown","Mr",1
"10","3rd",0,"male",29.0053285968028,0,0,15.5,"Queenstown","Miss",1
"11","3rd",1,"female",29.0053285968028,0,0,7.87919998,"Queenstown","Miss",1
"15","3rd",0,"male",29.0053285968028,0,0,7.75,"Queenstown","Mr",1
"18","3rd",0,"female",29.0053285968028,0,0,7.75,"Queenstown","Miss",1
"19","3rd",0,"female",29.0053285968028,0,0,8.05000019,"Southampton","Mrs",1
"20","3rd",0,"female",29.0053285968028,0,0,8.05000019,"Southampton","Mr",1
"22","3rd",0,"male",29.0053285968028,0,0,7.75,"Queenstown","Mr",1
"24","3rd",0,"male",29.0053285968028,0,0,8.05000019,"Southampton","Mr",1
"29","3rd",0,"male",29.0053285968028,0,0,7.89580011,"Southampton","Miss",1
"30","3rd",1,"female",29.0053285968028,0,0,7.87919998,"Queenstown","Mr",1
"34","3rd",0,"male",29.0053285968028,0,0,8.05000019,"Southampton","Miss",1
"35","3rd",1,"female",29.0053285968028,1,0,24.1499996,"Queenstown","Mr",0
"37","3rd",0,"male",29.0053285968028,1,0,24.1499996,"Queenstown","Mr",0
"38","3rd",0,"male",29.0053285968028,0,0,8.45829964,"Queenstown","Mr",1
"40","3rd",0,"male",29.0053285968028,0,0,7.75,"Queenstown","Mr",1
"41","3rd",1,"male",29.0053285968028,0,0,7.7750001,"Southampton","Master",1
"42","3rd",1,"male",17.3494475138122,1,1,15.2458,"Cherbourg","Master",0
"43","3rd",1,"male",17.3494475138122,1,1,15.2458,"Cherbourg","Mrs",0
"44","3rd",1,"female",17.3494475138122,0,2,15.2458,"Cherbourg","Mrs",0
"45","3rd",1,"female",29.0053285968028,0,0,7.22919989,"Cherbourg","Mr",1
"46","3rd",0,"male",29.0053285968028,0,0,8.05000019,"Southampton","Miss",1
"48","3rd",1,"female",29.0053285968028,0,0,7.73330021,"Queenstown","Miss",1
"50","3rd",0,"male",29.0053285968028,0,0,8.05000019,"Southampton","Miss",1
"51","3rd",1,"female",29.0053285968028,1,0,15.5,"Queenstown","Miss",0
"52","3rd",1,"female",29.0053285968028,1,0,15.5,"Queenstown","Miss",0
"53","3rd",1,"female",29.0053285968028,0,0,15.5,"Queenstown","Mr",1
"62","3rd",0,"male",29.0053285968028,0,0,7.89580011,"Southampton","Mr",1
"63","3rd",0,"male",29.0053285968028,0,0,7.22919989,"Cherbourg","Miss",1
"64","3rd",0,"female",29.0053285968028,0,0,7.75,"Queenstown","Mr",1
"65","3rd",0,"male",29.0053285968028,0,0,7.89580011,"Southampton","Master",1
"80","1st",0,"male",39.1599179577676,0,0,221.779205,"Southampton","Mrs",1
"81","3rd",0,"male",29.0053285968028,1,0,15.5,"Queenstown","Mr",0
"82","3rd",0,"male",29.0053285968028,0,0,7.82919979,"Queenstown","Mrs",1
"83","3rd",1,"female",29.0053285968028,1,0,15.5,"Queenstown","Mr",0
"84","3rd",0,"male",29.0053285968028,0,0,7.73330021,"Queenstown","Mr",1
"85","3rd",0,"male",29.0053285968028,0,0,7.75,"Queenstown","Mr",1
"86","3rd",0,"male",29.0053285968028,0,0,7.75,"Queenstown","Mr",1
"88","3rd",0,"female",29.0053285968028,0,0,7.75,"Queenstown","Miss",1
"89","3rd",1,"female",29.0053285968028,0,0,7.75,"Queenstown","Miss",1
"90","3rd",1,"female",29.0053285968028,0,0,7.87919998,"Queenstown","Miss",1
"91","1st",1,"female",39.1599179577676,0,0,31.6833,"Southampton","Miss",1
"93","3rd",1,"male",29.0053285968028,0,0,7.75,"Queenstown","Miss",1
"94","3rd",1,"female",29.0053285968028,0,0,7.82919979,"Queenstown","Master",1
"98","3rd",0,"male",29.0053285968028,0,0,7.3125,"Southampton","Miss",1
"102","1st",1,"female",39.1599179577676,0,0,110.883301,"Cherbourg","Mr",1
"109","3rd",0,"female",29.0053285968028,0,0,7.62919998,"Queenstown","Master",1
"126","3rd",0,"male",29.0053285968028,0,0,8.71249962,"Cherbourg","Mr",1
"131","3rd",0,"male",29.0053285968028,0,0,7,"Southampton","Mr",1
"132","3rd",0,"male",29.0053285968028,0,0,7.7750001,"Southampton","Mr",1
"133","3rd",0,"male",29.0053285968028,0,0,8.05000019,"Southampton","Mr",1
"139","3rd",1,"male",17.3494475138122,1,1,22.3582993,"Cherbourg","Miss",0
"140","3rd",1,"female",17.3494475138122,1,1,22.3582993,"Cherbourg","Mrs",0
"141","3rd",1,"female",17.3494475138122,0,2,22.3582993,"Cherbourg","Miss",0
"142","3rd",0,"female",29.0053285968028,0,0,8.13749981,"Queenstown","Mr",1
"146","3rd",0,"male",29.0053285968028,0,0,7.89580011,"Southampton","Mr",1
"151","3rd",0,"male",29.0053285968028,0,0,7.89580011,"Southampton","Mr",1
"154","3rd",0,"male",29.0053285968028,0,0,7.89580011,"Southampton","Mrs",1
"155","3rd",0,"female",29.0053285968028,0,0,8.11250019,"Southampton","Mr",1
"156","3rd",0,"male",29.0053285968028,0,0,7.22919989,"Cherbourg","Mr",1
"157","3rd",0,"male",29.0053285968028,0,0,7.25,"Southampton","Mr",1
"170","3rd",1,"female",29.0053285968028,0,0,7.72079992,"Queenstown","Mr",1
"171","3rd",0,"male",29.0053285968028,0,0,14.5,"Southampton","Mrs",1
"172","3rd",0,"female",29.0053285968028,0,0,14.5,"Southampton","Mr",1
"175","3rd",0,"male",29.0053285968028,0,0,8.05000019,"Southampton","Mr",1
"176","3rd",0,"male",29.0053285968028,0,0,7.7750001,"Southampton","Miss",1
"181","3rd",1,"female",29.0053285968028,0,0,8.05000019,"Southampton","Mr",1
"184","3rd",1,"male",29.0053285968028,0,0,7.75,"Queenstown","Mr",1
"185","3rd",0,"male",29.0053285968028,0,0,24.1499996,"Queenstown","Mr",1
"186","3rd",0,"male",29.0053285968028,0,0,7.22919989,"Cherbourg","Mr",1
"188","3rd",0,"male",29.0053285968028,0,0,7.2249999,"Cherbourg","Mr",1
"189","3rd",0,"male",29.0053285968028,0,0,7.72919989,"Queenstown","Mr",1
"190","3rd",0,"male",29.0053285968028,0,0,7.57499981,"Southampton","Mr",1
"193","3rd",0,"male",17.3494475138122,8,2,69.5500031,"Southampton","Master",0
"195","3rd",0,"female",17.3494475138122,8,2,69.5500031,"Southampton","Miss",0
"196","3rd",0,"female",17.3494475138122,8,2,69.5500031,"Southampton","Miss",0
"197","3rd",0,"female",17.3494475138122,8,2,69.5500031,"Southampton","Miss",0
"198","3rd",0,"female",17.3494475138122,8,2,69.5500031,"Southampton","Mr",0
"199","3rd",0,"male",17.3494475138122,8,2,69.5500031,"Southampton","Mr",0
"200","3rd",0,"male",17.3494475138122,8,2,69.5500031,"Southampton","Mr",0
"201","3rd",0,"male",17.3494475138122,8,2,69.5500031,"Southampton","Mr",0
"203","3rd",0,"male",37.3529411764706,1,9,69.5500031,"Southampton","Mrs",0
"204","3rd",0,"female",37.3529411764706,1,9,69.5500031,"Southampton","Mr",0
"208","3rd",0,"male",29.0053285968028,2,0,21.6791992,"Cherbourg","Mr",0
"209","3rd",0,"male",29.0053285968028,2,0,21.6791992,"Cherbourg","Mr",0
"210","3rd",0,"male",29.0053285968028,2,0,21.6791992,"Cherbourg","Miss",0
"213","1st",0,"male",39.1599179577676,0,0,26.5499992,"Southampton","Dr",1
"218","3rd",0,"male",29.0053285968028,0,0,7.7249999,"Queenstown","Mr",1
"219","3rd",0,"male",29.0053285968028,0,0,7.89580011,"Southampton","Mr",1
"220","3rd",0,"male",29.0053285968028,0,0,7.75,"Queenstown","Mr",1
"222","3rd",0,"male",29.0053285968028,0,0,15.1000004,"Southampton","Miss",1
"223","3rd",1,"female",29.0053285968028,0,0,7.77920008,"Queenstown","Mr",1
"226","3rd",0,"male",29.0053285968028,0,0,8.05000019,"Southampton","Mr",1
"227","3rd",0,"male",29.0053285968028,0,0,8.05000019,"Southampton","Mr",1
"229","3rd",0,"male",29.0053285968028,0,0,8.05000019,"Southampton","Mr",1
"240","3rd",0,"male",29.0053285968028,0,0,7.89580011,"Southampton","Mr",1
"241","3rd",0,"male",29.0053285968028,0,0,8.05000019,"Southampton","Mr",1
"242","3rd",0,"male",29.0053285968028,0,0,8.66250038,"Southampton","Mr",1
"243","3rd",0,"male",29.0053285968028,0,0,7.75,"Queenstown","Miss",1
"244","3rd",1,"female",29.0053285968028,0,0,7.73330021,"Queenstown","Mr",1
"247","1st",1,"female",39.1599179577676,1,0,133.649994,"Southampton","Miss",0
"248","3rd",0,"male",29.0053285968028,0,0,8.05000019,"Southampton","Mr",1
"250","3rd",0,"male",29.0053285968028,0,0,7.89580011,"Southampton","Mr",1
"272","3rd",0,"male",29.0053285968028,1,0,6.4375,"Cherbourg","Mr",0
"273","3rd",0,"male",29.0053285968028,0,0,6.4375,"Cherbourg","Mr",1
"274","3rd",0,"male",29.0053285968028,0,0,7.2249999,"Cherbourg","Mrs",1
"276","3rd",0,"male",29.0053285968028,0,0,8.05000019,"Southampton","Mr",1
"277","3rd",0,"male",29.0053285968028,1,0,16.1000004,"Southampton","Mrs",0
"278","3rd",1,"female",29.0053285968028,1,0,16.1000004,"Southampton","Mr",0
"281","3rd",0,"male",29.0053285968028,0,0,7.75,"Queenstown","Mr",1
"282","3rd",0,"male",29.0053285968028,0,0,7.89580011,"Southampton","Mr",1
"285","3rd",0,"male",29.0053285968028,0,0,7.22919989,"Cherbourg","Mr",1
"287","3rd",0,"male",29.0053285968028,0,0,7.22919989,"Cherbourg","Master",1
"291","1st",0,"male",39.1599179577676,0,0,0,"Southampton","Mr",1
"295","3rd",0,"male",17.3494475138122,1,1,14.5,"Southampton","Master",0
"301","3rd",0,"male",29.0053285968028,0,0,9.5,"Southampton","Mr",1
"317","3rd",0,"male",29.0053285968028,0,0,8.05000019,"Southampton","Mr",1
"318","3rd",0,"male",29.0053285968028,0,0,7.55000019,"Southampton","Mr",1
"319","3rd",0,"male",29.0053285968028,0,0,8.05000019,"Southampton","Mr",1
"327","3rd",0,"male",29.0053285968028,0,0,8.71249962,"Southampton","Mr",1
"328","3rd",0,"male",29.0053285968028,0,0,7.55000019,"Southampton","Mr",1
"329","3rd",0,"male",29.0053285968028,0,0,8.05000019,"Southampton","Mr",1
"333","3rd",0,"male",29.0053285968028,0,0,7.25,"Southampton","Mr",1
"340","3rd",0,"male",29.0053285968028,0,0,7.2249999,"Cherbourg","Mr",1
"341","3rd",0,"male",29.0053285968028,0,0,14.4582996,"Cherbourg","Miss",1
"343","3rd",0,"female",29.0053285968028,1,0,14.4541998,"Cherbourg","Mr",0
"351","1st",1,"female",39.1599179577676,1,0,89.1042023,"Cherbourg","Mr",0
"365","1st",0,"male",39.1599179577676,0,0,42.4000015,"Southampton","Mr",1
"371","1st",1,"male",39.1599179577676,0,0,30,"Southampton","Miss",1
"376","1st",0,"male",39.1599179577676,0,0,51.8624992,"Southampton","Mr",1
"378","1st",0,"male",39.1599179577676,0,0,25.9249992,"Southampton","Mr",1
"386","1st",0,"male",39.1599179577676,0,0,30.6958008,"Cherbourg","Mrs",1
"397","1st",1,"female",39.1599179577676,1,0,51.8624992,"Southampton","Mr",0
"401","1st",0,"male",39.1599179577676,0,0,26.5499992,"Southampton","Miss",1
"406","1st",0,"male",39.1599179577676,0,0,27.7208004,"Cherbourg","Mr",1
"419","1st",1,"male",39.1599179577676,0,0,29.7000008,"Cherbourg","Mr",1
"429","1st",1,"female",39.1599179577676,1,0,82.1707993,"Cherbourg","Mr",0
"446","1st",1,"male",39.1599179577676,0,0,25.7416992,"Cherbourg","Miss",1
"450","1st",0,"male",39.1599179577676,0,0,0,"Southampton","Mr",1
"463","1st",1,"male",39.1599179577676,0,0,39.5999985,"Southampton","Mr",1
"465","1st",0,"male",39.1599179577676,0,0,227.524994,"Cherbourg","Mrs",1
"470","1st",0,"male",39.1599179577676,0,0,50,"Southampton","Miss",1
"484","1st",1,"male",39.1599179577676,0,0,30.5,"Southampton","Mlle",1
"486","1st",1,"male",39.1599179577676,0,0,26,"Southampton","Mrs",1
"501","1st",0,"male",39.1599179577676,0,0,26,"Southampton","Mrs",1
"509","1st",1,"female",39.1599179577676,1,0,146.520798,"Cherbourg","Dr",0
"516","1st",0,"male",39.1599179577676,0,0,27.7208004,"Cherbourg","Mrs",1
"527","1st",1,"female",39.1599179577676,1,0,52,"Southampton","Mr",0
"531","1st",1,"female",39.1599179577676,0,0,79.1999969,"Cherbourg","Mr",1
"555","1st",0,"male",39.1599179577676,0,0,35,"Southampton","Miss",1
"558","1st",1,"male",39.1599179577676,0,0,35.5,"Southampton","Mr",1
"605","2nd",0,"male",29.0053285968028,0,0,0,"Southampton","Mr",1
"622","1st",1,"male",39.1599179577676,0,0,26.5499992,"Southampton","Mr",1
"626","2nd",0,"female",29.0053285968028,0,0,21,"Southampton","Mr",1
"628","2nd",0,"male",29.0053285968028,0,0,0,"Southampton","Master",1
"656","1st",0,"male",39.1599179577676,0,0,39.5999985,"Cherbourg","Mrs",1
"658","2nd",0,"male",29.0053285968028,0,0,0,"Southampton","Miss",1
"722","1st",0,"male",39.1599179577676,0,0,31,"Southampton","Mr",1
"723","2nd",1,"female",29.0053285968028,0,0,12.3500004,"Queenstown","Mr",1
"727","2nd",0,"male",29.0053285968028,0,0,0,"Southampton","Mr",1
"731","2nd",0,"male",29.0053285968028,0,0,10.7082996,"Queenstown","Miss",1
"738","2nd",1,"female",29.0053285968028,0,0,33,"Southampton","Mrs",1
"747","2nd",0,"male",29.0053285968028,0,0,15.0458002,"Cherbourg","Master",1
"751","2nd",0,"male",29.0053285968028,0,0,15.5791998,"Cherbourg","Mr",1
"784","2nd",1,"male",29.0053285968028,0,0,13.8625002,"Cherbourg","Dr",1
"788","2nd",0,"male",29.0053285968028,0,0,0,"Southampton","Mrs",1
"792","2nd",0,"male",29.0053285968028,0,0,15.0500002,"Cherbourg","Rev",1
"847","2nd",0,"male",29.0053285968028,0,0,0,"Southampton","Miss",1
"862","2nd",0,"male",29.0053285968028,0,0,12.875,"Southampton","Mr",1
"864","2nd",1,"male",29.0053285968028,0,0,13,"Southampton","Miss",1
"867","1st",1,"female",39.1599179577676,0,0,27.7208004,"Cherbourg","Mr",1
"948","3rd",0,"male",29.0053285968028,0,0,7.22919989,"Cherbourg","Mr",1
"957","3rd",0,"male",29.0053285968028,0,0,7.2249999,"Cherbourg","Mrs",1
"958","3rd",0,"female",17.3494475138122,0,2,15.2458,"Cherbourg","Miss",0
"959","3rd",0,"female",17.3494475138122,0,2,7.75,"Queenstown","Mr",0
"978","1st",1,"female",39.1599179577676,0,1,55,"Southampton","Mr",0
"985","3rd",0,"male",29.0053285968028,1,0,14.4582996,"Cherbourg","Mrs",0
"986","3rd",0,"female",29.0053285968028,1,0,14.4582996,"Cherbourg","Mr",0
"989","1st",0,"male",39.1599179577676,0,0,0,"Southampton","Mr",1
"1033","1st",0,"male",39.1599179577676,0,0,52,"Southampton","Mr",1
"1041","3rd",0,"male",29.0053285968028,1,0,16.1000004,"Southampton","Mrs",0
"1042","3rd",1,"female",29.0053285968028,1,0,16.1000004,"Southampton","Mr",0
"1053","3rd",0,"male",29.0053285968028,0,0,7.89580011,"Southampton","Mr",1
"1054","3rd",0,"male",29.0053285968028,0,0,7.89580011,"Southampton","Mr",1
"1062","3rd",0,"male",29.0053285968028,0,0,7.22919989,"Cherbourg","Mr",1
"1078","3rd",0,"male",29.0053285968028,0,0,7.2249999,"Cherbourg","Mr",1
"1084","3rd",0,"male",29.0053285968028,0,0,7.2249999,"Cherbourg","Mr",1
"1087","3rd",1,"male",29.0053285968028,0,0,7.05000019,"Southampton","Mr",1
"1091","3rd",0,"female",29.0053285968028,0,0,7.75,"Queenstown","Mr",1
"1092","3rd",0,"male",29.0053285968028,0,0,7.75,"Queenstown","Mr",1
"1093","3rd",0,"male",29.0053285968028,0,0,6.94999981,"Queenstown","Mr",1
"1095","3rd",0,"male",29.0053285968028,0,0,7.75,"Queenstown","Mr",1
"1096","3rd",1,"male",29.0053285968028,0,0,56.4958,"Southampton","Miss",1
"1099","3rd",0,"male",29.0053285968028,0,0,8.05000019,"Southampton","Mr",1
"1100","1st",0,"male",39.1599179577676,0,0,26.5499992,"Southampton","Capt",1
"1104","3rd",0,"male",29.0053285968028,0,0,7.75,"Queenstown","Mr",1
"1105","3rd",0,"male",29.0053285968028,0,0,7.25,"Southampton","Mr",1
"1107","3rd",0,"male",29.0053285968028,0,0,14.5,"Southampton","Mr",1
"1108","3rd",0,"male",29.0053285968028,0,0,7.89580011,"Cherbourg","Mr",1
"1112","3rd",1,"female",29.0053285968028,0,0,7.75,"Queenstown","Master",1
"1129","3rd",0,"male",29.0053285968028,0,0,8.05000019,"Southampton","Mr",1
"1137","3rd",0,"male",29.0053285968028,1,0,19.9666996,"Southampton","Mr",0
"1138","3rd",0,"male",29.0053285968028,1,0,19.9666996,"Southampton","Mr",0
"1148","3rd",0,"female",29.0053285968028,0,0,7.55000019,"Southampton","Mr",1
"1150","3rd",0,"male",29.0053285968028,0,0,6.85830021,"Queenstown","Mr",1
"1152","3rd",1,"female",29.0053285968028,0,0,7.75,"Queenstown","Mr",1
"1154","3rd",1,"male",29.0053285968028,0,0,56.4958,"Southampton","Miss",1
"1162","3rd",0,"female",29.0053285968028,0,0,7.75,"Queenstown","Miss",1
"1169","3rd",0,"male",29.0053285968028,0,0,7.75,"Queenstown","Miss",1
"1170","3rd",1,"female",29.0053285968028,0,0,8.05000019,"Southampton","Mr",1
"1172","3rd",1,"male",29.0053285968028,0,0,7.88749981,"Southampton","Mr",1
"1174","3rd",0,"male",29.0053285968028,0,0,7.89580011,"Southampton","Miss",1
"1178","3rd",0,"male",29.0053285968028,0,0,7.89580011,"Southampton","Mr",1
"1181","3rd",0,"male",29.0053285968028,0,0,7.05000019,"Southampton","Mr",1
"1185","3rd",1,"female",29.0053285968028,0,0,7.75,"Queenstown","Mr",1
"1186","3rd",1,"male",29.0053285968028,0,0,8.11250019,"Southampton","Mr",1
"1202","3rd",0,"male",17.3494475138122,1,2,23.4500008,"Southampton","Miss",0
"1203","3rd",0,"female",17.3494475138122,1,2,23.4500008,"Southampton","Mr",0
"1204","3rd",0,"male",17.3494475138122,1,2,23.4500008,"Southampton","Mrs",0
"1205","3rd",0,"female",17.3494475138122,1,2,23.4500008,"Southampton","Mr",0
"1221","3rd",0,"male",29.0053285968028,0,0,7.22919989,"Cherbourg","Mr",1
"1224","3rd",0,"male",29.0053285968028,0,0,7.75,"Queenstown","Mr",1
"1225","3rd",0,"male",29.0053285968028,0,0,7.25,"Southampton","Miss",1
"1226","3rd",1,"female",29.0053285968028,0,0,7.75,"Queenstown","Miss",1
"1227","3rd",1,"female",29.0053285968028,0,0,7.75,"Queenstown","Mr",1
"1230","3rd",1,"male",29.0053285968028,0,0,7.75,"Queenstown","Mr",1
"1231","3rd",0,"male",29.0053285968028,1,0,14.4541998,"Cherbourg","Mrs",0
"1232","3rd",0,"female",29.0053285968028,1,0,14.4541998,"Cherbourg","Mr",0
"1234","3rd",0,"male",29.0053285968028,1,0,7.75,"Queenstown","Mr",0
"1235","3rd",0,"male",29.0053285968028,1,0,7.75,"Queenstown","Mr",0
"1236","3rd",0,"male",29.0053285968028,0,0,7.73750019,"Queenstown","Miss",1
"1246","3rd",0,"male",29.0053285968028,0,0,7.89580011,"Cherbourg","Mr",1
"1248","3rd",0,"male",29.0053285968028,0,0,7.2249999,"Cherbourg","Miss",1
"1250","3rd",0,"male",29.0053285968028,0,0,7.89580011,"Southampton","Mr",1
"1251","3rd",1,"male",29.0053285968028,0,0,56.4958,"Southampton","Mr",1
"1252","3rd",0,"male",29.0053285968028,0,0,56.4958,"Southampton","Miss",1
"1254","3rd",0,"male",29.0053285968028,0,0,7.75,"Queenstown","Mr",1
"1261","3rd",0,"male",17.3494475138122,3,1,25.4666996,"Southampton","Miss",0
"1262","3rd",0,"female",17.3494475138122,3,1,25.4666996,"Southampton","Miss",0
"1263","3rd",0,"female",17.3494475138122,3,1,25.4666996,"Southampton","Miss",0
"1264","3rd",0,"female",17.3494475138122,3,1,25.4666996,"Southampton","Mrs",0
"1265","3rd",0,"female",37.3529411764706,0,4,25.4666996,"Southampton","Mr",0
"1269","3rd",0,"female",29.0053285968028,1,0,15.5,"Queenstown","Mr",0
"1270","3rd",0,"male",29.0053285968028,1,0,15.5,"Queenstown","Mr",0
"1280","3rd",0,"male",29.0053285968028,0,0,7.87919998,"Queenstown","Mr",1
"1282","3rd",0,"male",29.0053285968028,0,0,7.55000019,"Southampton","Mr",1
"1285","3rd",0,"male",29.0053285968028,0,0,7.87919998,"Southampton","Mr",1
"1292","3rd",0,"male",29.0053285968028,0,0,7.89580011,"Southampton","Mr",1
"1293","3rd",0,"male",29.0053285968028,0,0,7.55000019,"Southampton","Miss",1
"1294","3rd",1,"female",29.0053285968028,0,0,7.75,"Queenstown","Mr",1
"1297","3rd",0,"female",29.0053285968028,0,0,7.87919998,"Queenstown","Mr",1
"1298","3rd",0,"male",29.0053285968028,0,0,7.75,"Queenstown","Mr",1
"1300","3rd",0,"male",29.0053285968028,0,0,8.05000019,"Southampton","Mr",1
"1302","3rd",1,"male",29.0053285968028,0,0,7.22919989,"Cherbourg","Miss",1
"1304","3rd",1,"female",29.0053285968028,0,0,7.73750019,"Queenstown","Mr",1
"1305","3rd",0,"male",29.0053285968028,0,0,7.22919989,"Cherbourg","Mr",1
"1308","3rd",1,"female",29.0053285968028,0,0,7.2249999,"Cherbourg","Mr",1
"1309","3rd",0,"male",29.0053285968028,0,0,7.89580011,"Cherbourg","Miss",1
"1","1st",1,"female",29,0,0,211.337494,"Southampton","Master",1
"2","1st",0,"male",71,0,0,49.5042,"Cherbourg","Col",1
"3","1st",1,"female",48,1,0,39.5999985,"Cherbourg","Sir",0
"12","3rd",1,"female",15,0,0,8.0291996,"Queenstown","Miss",1
"13","3rd",0,"female",35,0,0,7.75,"Queenstown","Mr",1
"14","1st",1,"male",49,1,0,56.9291992,"Cherbourg","Mr",0
"16","3rd",0,"male",24,1,0,16.1000004,"Southampton","Mrs",0
"17","3rd",0,"female",19,1,0,16.1000004,"Southampton","Miss",0
"21","3rd",0,"male",55.5,0,0,8.05000019,"Southampton","Mr",1
"23","3rd",1,"male",21,0,0,7.7750001,"Southampton","Mr",1
"25","1st",0,"male",39,0,0,29.7000008,"Cherbourg","Mrs",1
"26","3rd",0,"male",24,0,0,7.89580011,"Southampton","Mr",1
"27","3rd",0,"male",21,0,0,7.89580011,"Southampton","Mr",1
"28","3rd",0,"male",28,0,0,7.89580011,"Southampton","Mr",1
"31","3rd",0,"male",25,0,0,7.6500001,"Southampton","Master",1
"32","3rd",1,"male",6,0,1,12.4750004,"Southampton","Mrs",0
"33","3rd",1,"female",27,0,1,12.4750004,"Southampton","Mr",0
"36","1st",1,"female",23,0,1,83.1583023,"Cherbourg","Miss",0
"39","3rd",0,"male",34,0,0,8.05000019,"Southampton","Mr",1
"47","1st",1,"female",38,0,0,227.524994,"Cherbourg","Miss",1
"49","3rd",1,"female",24,0,0,7.75,"Queenstown","Mr",1
"54","3rd",0,"male",18,0,0,7.75,"Southampton","Mr",1
"55","3rd",0,"male",22,0,0,7.89580011,"Southampton","Miss",1
"56","3rd",1,"female",15,0,0,7.2249999,"Cherbourg","Miss",1
"57","3rd",1,"female",1,0,2,15.7417002,"Cherbourg","Mr",0
"58","1st",1,"female",54,1,0,78.2667007,"Cherbourg","Miss",0
"59","3rd",1,"male",20,1,1,15.7417002,"Cherbourg","Mrs",0
"60","3rd",1,"female",19,1,1,15.7417002,"Cherbourg","Mr",0
"61","3rd",0,"male",33,0,0,8.05000019,"Southampton","Mr",1
"66","3rd",1,"male",12,1,0,11.2417002,"Cherbourg","Miss",0
"67","3rd",1,"female",14,1,0,11.2417002,"Cherbourg","Miss",0
"68","3rd",0,"female",29,0,0,7.92500019,"Southampton","Mr",1
"69","1st",0,"female",36,0,0,31.6791992,"Cherbourg","Mr",1
"70","3rd",0,"male",28,0,0,8.05000019,"Southampton","Miss",1
"71","3rd",1,"female",18,0,0,7.7750001,"Southampton","Miss",1
"72","3rd",1,"female",26,0,0,7.85419989,"Southampton","Mr",1
"73","3rd",0,"male",21,0,0,7.85419989,"Southampton","Mr",1
"74","3rd",0,"male",41,0,0,7.125,"Southampton","Mr",1
"75","3rd",1,"male",39,0,0,7.92500019,"Southampton","Mr",1
"76","3rd",0,"male",21,0,0,7.80000019,"Southampton","Mr",1
"77","3rd",0,"male",28.5,0,0,7.22919989,"Cherbourg","Miss",1
"78","3rd",1,"female",22,0,0,7.75,"Southampton","Mr",1
"79","3rd",0,"male",61,0,0,6.23750019,"Southampton","Mr",1
"87","3rd",0,"male",23,0,0,9.22500038,"Southampton","Ms",1
"92","3rd",1,"female",22,0,0,7.7750001,"Southampton","Mr",1
"95","3rd",1,"male",9,0,1,3.17079997,"Southampton","Mr",0
"96","3rd",0,"male",28,0,0,22.5249996,"Southampton","Mr",1
"97","3rd",0,"male",42,0,1,8.4041996,"Southampton","Mr",0
"99","3rd",0,"female",31,0,0,7.85419989,"Southampton","Mr",1
"100","3rd",0,"male",28,0,0,7.85419989,"Southampton","Mr",1
"101","3rd",1,"male",32,0,0,7.7750001,"Southampton","Mr",1
"103","3rd",0,"male",20,0,0,9.22500038,"Southampton","Miss",1
"104","3rd",0,"female",23,0,0,8.66250038,"Southampton","Miss",1
"105","3rd",0,"female",20,0,0,8.66250038,"Southampton","Mr",1
"106","3rd",0,"male",20,0,0,8.66250038,"Southampton","Mr",1
"107","3rd",0,"male",16,0,0,9.2166996,"Southampton","Mrs",1
"108","3rd",1,"female",31,0,0,8.68330002,"Southampton","Miss",1
"110","3rd",0,"male",2,3,1,21.0750008,"Southampton","Master",0
"111","3rd",0,"male",6,3,1,21.0750008,"Southampton","Miss",0
"112","3rd",0,"female",3,3,1,21.0750008,"Southampton","Miss",0
"113","1st",0,"male",47,1,0,227.524994,"Cherbourg","Mrs",0
"114","1st",1,"male",36,0,0,26.3875008,"Southampton","Mr",1
"115","3rd",0,"female",8,3,1,21.0750008,"Southampton","Mrs",0
"116","3rd",0,"female",29,0,4,21.0750008,"Southampton","Master",0
"117","3rd",0,"male",1,4,1,39.6875,"Southampton","Master",0
"118","3rd",0,"male",7,4,1,39.6875,"Southampton","Master",0
"119","3rd",0,"male",2,4,1,39.6875,"Southampton","Mr",0
"120","3rd",0,"male",16,4,1,39.6875,"Southampton","Mr",0
"121","3rd",0,"male",14,4,1,39.6875,"Southampton","Mrs",0
"122","3rd",0,"female",41,0,5,39.6875,"Southampton","Mr",0
"123","3rd",0,"male",21,0,0,8.66250038,"Southampton","Mr",1
"124","3rd",0,"male",19,0,0,14.5,"Southampton","Mr",1
"125","1st",0,"male",30,0,0,27.75,"Cherbourg","Miss",1
"127","3rd",0,"male",32,0,0,7.89580011,"Southampton","Master",1
"128","3rd",0,"male",0.75,1,1,13.7749996,"Southampton","Miss",0
"129","3rd",0,"female",3,1,1,13.7749996,"Southampton","Mrs",0
"130","3rd",0,"female",26,0,2,13.7749996,"Southampton","Mr",0
"134","3rd",0,"male",21,0,0,7.92500019,"Southampton","Mr",1
"135","3rd",0,"male",25,0,0,7.92500019,"Southampton","Mr",1
"136","1st",1,"female",24,3,2,263,"Southampton","Miss",0
"137","3rd",0,"male",22,0,0,7.25,"Southampton","Mr",1
"138","3rd",1,"male",25,1,0,7.7750001,"Southampton","Master",0
"143","3rd",0,"male",24,0,0,8.05000019,"Southampton","Miss",1
"144","3rd",0,"female",28,0,0,7.89580011,"Southampton","Mr",1
"145","3rd",0,"male",19,0,0,7.89580011,"Southampton","Mr",1
"147","1st",1,"female",28,3,2,263,"Southampton","Miss",0
"148","3rd",0,"male",25,1,0,7.7750001,"Southampton","Miss",0
"149","3rd",0,"female",18,0,0,7.7750001,"Southampton","Mr",1
"150","3rd",1,"male",32,0,0,8.05000019,"Southampton","Mr",1
"152","3rd",0,"male",17,0,0,8.66250038,"Southampton","Mr",1
"153","3rd",0,"male",24,0,0,8.66250038,"Southampton","Mr",1
"158","1st",1,"female",23,3,2,263,"Southampton","Mr",0
"159","3rd",0,"male",38,0,0,7.89580011,"Southampton","Mr",1
"160","3rd",0,"male",21,0,0,8.05000019,"Southampton","Master",1
"161","3rd",0,"male",10,4,1,29.125,"Queenstown","Master",0
"162","3rd",0,"male",4,4,1,29.125,"Queenstown","Master",0
"163","3rd",0,"male",7,4,1,29.125,"Queenstown","Master",0
"164","3rd",0,"male",2,4,1,29.125,"Queenstown","Master",0
"165","3rd",0,"male",8,4,1,29.125,"Queenstown","Mrs",0
"166","3rd",0,"female",39,0,5,29.125,"Queenstown","Miss",0
"167","3rd",0,"female",22,0,0,39.6875,"Southampton","Mr",1
"168","3rd",0,"male",35,0,0,7.125,"Southampton","Miss",1
"169","1st",0,"male",19,3,2,263,"Southampton","Mr",0
"173","3rd",0,"male",50,1,0,14.5,"Southampton","Mrs",0
"174","3rd",0,"female",47,1,0,14.5,"Southampton","Mr",0
"177","3rd",0,"female",2,1,1,20.2124996,"Southampton","Mr",0
"178","3rd",0,"male",18,1,1,20.2124996,"Southampton","Mrs",0
"179","3rd",0,"female",41,0,2,20.2124996,"Southampton","Miss",0
"180","1st",0,"male",64,1,4,263,"Southampton","Mrs",0
"182","3rd",0,"male",50,0,0,8.05000019,"Southampton","Mr",1
"183","3rd",0,"male",16,0,0,8.05000019,"Southampton","Mr",1
"187","3rd",0,"male",25,0,0,7.2249999,"Cherbourg","Mr",1
"191","1st",1,"female",60,1,4,263,"Southampton","Miss",0
"192","3rd",0,"male",38.5,0,0,7.25,"Southampton","Master",1
"194","3rd",0,"male",14.5,8,2,69.5500031,"Southampton","Miss",0
"202","1st",1,"female",30,0,0,56.9291992,"Cherbourg","Mr",1
"205","3rd",0,"male",24,0,0,9.32499981,"Southampton","Miss",1
"206","3rd",1,"female",21,0,0,7.6500001,"Southampton","Mr",1
"207","3rd",0,"male",39,0,0,7.92500019,"Southampton","Mr",1
"211","3rd",1,"female",1,1,1,16.7000008,"Southampton","Mrs",0
"212","3rd",1,"female",24,0,2,16.7000008,"Southampton","Miss",0
"214","3rd",1,"female",4,1,1,16.7000008,"Southampton","Mr",0
"215","3rd",1,"male",25,0,0,9.5,"Southampton","Mr",1
"216","3rd",0,"male",20,0,0,8.05000019,"Southampton","Mr",1
"217","3rd",0,"male",24.5,0,0,8.05000019,"Southampton","Mr",1
"221","3rd",1,"male",29,0,0,9.5,"Southampton","Mr",1
"224","1st",1,"female",18,1,0,227.524994,"Cherbourg","Mme",0
"225","1st",1,"male",50,2,0,133.649994,"Southampton","Mr",0
"228","3rd",0,"male",22,0,0,7.22919989,"Cherbourg","Mr",1
"230","3rd",0,"male",40,0,0,7.89580011,"Southampton","Mr",1
"231","3rd",0,"male",21,0,0,7.92500019,"Southampton","Miss",1
"232","3rd",1,"female",18,0,0,7.49580002,"Southampton","Master",1
"233","3rd",0,"male",4,3,2,27.8999996,"Southampton","Master",0
"234","3rd",0,"male",10,3,2,27.8999996,"Southampton","Miss",0
"235","3rd",0,"female",9,3,2,27.8999996,"Southampton","Miss",0
"236","1st",1,"male",43,1,0,27.7208004,"Cherbourg","Mrs",0
"237","3rd",0,"female",2,3,2,27.8999996,"Southampton","Mr",0
"238","3rd",0,"male",40,1,4,27.8999996,"Southampton","Mrs",0
"239","3rd",0,"female",45,1,4,27.8999996,"Southampton","Mr",0
"245","3rd",0,"male",19,0,0,7.6500001,"Southampton","Mr",1
"246","3rd",0,"male",30,0,0,8.05000019,"Southampton","Mr",1
"249","3rd",0,"male",32,0,0,8.05000019,"Southampton","Mr",1
"251","3rd",0,"male",33,0,0,8.66250038,"Cherbourg","Miss",1
"252","3rd",1,"female",23,0,0,7.55000019,"Southampton","Mr",1
"253","3rd",0,"male",21,0,0,8.05000019,"Southampton","Mr",1
"254","3rd",0,"male",60.5,0,0,33.2954793864144,"Southampton","Mr",1
"255","3rd",0,"male",19,0,0,7.89580011,"Southampton","Miss",1
"256","3rd",0,"female",22,0,0,9.83749962,"Southampton","Mr",1
"257","3rd",1,"male",31,0,0,7.92500019,"Southampton","Mr",1
"258","1st",1,"female",22,0,2,49.5,"Cherbourg","Mr",0
"259","3rd",0,"male",27,0,0,8.66250038,"Southampton","Miss",1
"260","3rd",0,"female",2,0,1,10.4624996,"Southampton","Mrs",0
"261","3rd",0,"female",29,1,1,10.4624996,"Southampton","Mr",0
"262","3rd",1,"male",16,0,0,8.05000019,"Southampton","Mr",1
"263","3rd",1,"male",44,0,0,7.92500019,"Southampton","Mr",1
"264","3rd",0,"male",25,0,0,7.05000019,"Southampton","Mr",1
"265","3rd",0,"male",74,0,0,7.7750001,"Southampton","Mr",1
"266","3rd",1,"male",14,0,0,9.22500038,"Southampton","Mr",1
"267","3rd",0,"male",24,0,0,7.79580021,"Southampton","Mr",1
"268","3rd",1,"male",25,0,0,7.79580021,"Southampton","Mr",1
"269","1st",1,"male",60,1,1,79.1999969,"Cherbourg","Mrs",0
"270","3rd",0,"male",34,0,0,8.05000019,"Southampton","Master",1
"271","3rd",1,"male",0.416700006,0,1,8.51669979,"Cherbourg","Mr",0
"275","3rd",1,"female",16,1,1,8.51669979,"Cherbourg","Mr",0
"279","3rd",0,"male",32,0,0,7.92500019,"Southampton","Mr",1
"280","1st",1,"female",48,1,1,79.1999969,"Cherbourg","Mr",0
"283","3rd",0,"male",30.5,0,0,8.05000019,"Southampton","Mr",1
"284","3rd",0,"male",44,0,0,8.05000019,"Southampton","Mr",1
"286","3rd",1,"male",25,0,0,0,"Southampton","Mr",1
"288","3rd",1,"male",7,1,1,15.2458,"Cherbourg","Miss",0
"289","3rd",1,"female",9,1,1,15.2458,"Cherbourg","Mrs",0
"290","3rd",1,"female",29,0,2,15.2458,"Cherbourg","Mr",0
"292","3rd",0,"male",36,0,0,7.89580011,"Southampton","Miss",1
"293","3rd",1,"female",18,0,0,9.8416996,"Southampton","Mrs",1
"294","3rd",1,"female",63,0,0,9.58749962,"Southampton","Master",1
"296","3rd",0,"male",11.5,1,1,14.5,"Southampton","Mr",0
"297","3rd",0,"male",40.5,0,2,14.5,"Southampton","Miss",0
"298","3rd",0,"female",10,0,2,24.1499996,"Southampton","Mr",0
"299","3rd",0,"male",36,1,1,24.1499996,"Southampton","Mrs",0
"300","3rd",0,"female",30,1,1,24.1499996,"Southampton","Mr",0
"302","1st",0,"male",37,1,0,53.0999985,"Southampton","Mrs",0
"303","3rd",0,"male",33,0,0,9.5,"Southampton","Mr",1
"304","3rd",0,"male",28,0,0,9.5,"Southampton","Mr",1
"305","3rd",0,"male",28,0,0,9.5,"Southampton","Mr",1
"306","3rd",0,"male",47,0,0,9,"Southampton","Miss",1
"307","3rd",0,"female",18,2,0,18,"Southampton","Mr",0
"308","3rd",0,"male",31,3,0,18,"Southampton","Mr",0
"309","3rd",0,"male",16,2,0,18,"Southampton","Mrs",0
"310","3rd",0,"female",31,1,0,18,"Southampton","Mr",0
"311","3rd",1,"male",22,0,0,7.2249999,"Cherbourg","Mr",1
"312","3rd",0,"male",20,0,0,7.85419989,"Southampton","Miss",1
"313","1st",1,"female",35,1,0,53.0999985,"Southampton","Mr",0
"314","3rd",0,"female",14,0,0,7.85419989,"Southampton","Mr",1
"315","3rd",0,"male",22,0,0,7.89580011,"Southampton","Mr",1
"316","3rd",0,"male",22,0,0,9,"Southampton","Mr",1
"320","3rd",0,"male",32.5,0,0,9.5,"Southampton","Mrs",1
"321","3rd",1,"female",38,0,0,7.22919989,"Cherbourg","Mr",1
"322","3rd",0,"male",51,0,0,7.75,"Southampton","Mr",1
"323","3rd",0,"male",18,1,0,6.49580002,"Southampton","Mr",0
"324","1st",0,"male",47,0,0,38.5,"Southampton","Miss",1
"325","3rd",0,"male",21,1,0,6.49580002,"Southampton","Mrs",0
"326","3rd",1,"female",47,1,0,7,"Southampton","Mr",0
"330","3rd",0,"male",28.5,0,0,16.1000004,"Southampton","Mr",1
"331","3rd",0,"male",21,0,0,7.25,"Southampton","Mr",1
"332","3rd",0,"male",27,0,0,8.66250038,"Southampton","Mr",1
"334","3rd",0,"male",36,0,0,9.5,"Southampton","Mr",1
"335","1st",1,"female",24,0,0,69.3000031,"Cherbourg","Miss",1
"336","1st",1,"female",35,0,0,211.5,"Cherbourg","Miss",1
"337","3rd",0,"male",27,1,0,14.4541998,"Cherbourg","Mrs",0
"338","3rd",1,"female",15,1,0,14.4541998,"Cherbourg","Mr",0
"339","3rd",0,"male",45.5,0,0,7.2249999,"Cherbourg","Mr",1
"342","3rd",0,"female",14.5,1,0,14.4541998,"Cherbourg","Miss",0
"344","3rd",0,"male",26.5,0,0,7.2249999,"Cherbourg","Mr",1
"345","3rd",0,"male",27,0,0,7.2249999,"Cherbourg","Mr",1
"346","3rd",0,"male",29,0,0,7.875,"Southampton",NA,1
"347","1st",1,"female",22,0,1,59.4000015,"Cherbourg","Mrs",0
"348","1st",1,"female",45,0,1,59.4000015,"Cherbourg","Mr",0
"349","1st",0,"male",24,0,0,79.1999969,"Cherbourg","Mr",1
"350","1st",1,"male",49,1,0,89.1042023,"Cherbourg","Mrs",0
"352","1st",0,"male",71,0,0,34.6542015,"Cherbourg","Col",1
"353","1st",1,"male",53,0,0,28.5,"Cherbourg","Miss",1
"354","1st",1,"female",19,0,0,30,"Southampton","Mr",1
"355","1st",0,"male",38,0,1,153.462494,"Southampton","Mrs",0
"356","1st",1,"female",26,0,0,78.8499985,"Southampton","Mr",1
"357","1st",1,"female",58,0,1,153.462494,"Southampton","Mr",0
"358","1st",1,"male",23,0,1,63.3582993,"Cherbourg","Mrs",0
"359","1st",1,"female",45,0,1,63.3582993,"Cherbourg","Mr",0
"360","1st",0,"male",46,0,0,79.1999969,"Cherbourg","Mr",1
"361","1st",1,"male",25,1,0,55.4417,"Cherbourg","Mrs",0
"362","1st",1,"female",25,1,0,55.4417,"Cherbourg","Mr",0
"363","1st",1,"male",48,1,0,76.7292023,"Cherbourg","Mrs",0
"364","1st",1,"female",49,1,0,76.7292023,"Cherbourg","Mr",0
"366","1st",0,"male",45,1,0,83.4749985,"Southampton","Mrs",0
"367","1st",1,"male",80,0,0,30,"Southampton","Mr",1
"368","1st",1,"female",35,1,0,83.4749985,"Southampton","Mr",0
"369","1st",0,"male",40,0,0,0,"Southampton","Mr",1
"370","1st",1,"male",27,0,0,76.7292023,"Cherbourg","Mr",1
"372","1st",1,"female",24,0,0,83.1583023,"Cherbourg","Mr",1
"373","1st",0,"male",55,1,1,93.5,"Southampton","Mrs",0
"374","1st",1,"female",52,1,1,93.5,"Southampton","Mr",0
"375","1st",0,"male",42,0,0,42.5,"Southampton","Mr",1
"377","1st",0,"male",55,0,0,50,"Southampton","Miss",1
"379","1st",1,"female",16,0,1,57.9791985,"Cherbourg","Mrs",0
"380","1st",1,"female",44,0,1,57.9791985,"Cherbourg","Mrs",0
"381","1st",1,"female",51,1,0,77.9582977,"Southampton","Mr",0
"382","1st",0,"male",42,1,0,52,"Southampton","Mrs",0
"383","1st",1,"female",35,1,0,52,"Southampton","Mr",0
"384","1st",1,"male",35,0,0,26.5499992,"Cherbourg","Mr",1
"385","1st",1,"male",38,1,0,90,"Southampton","Mr",0
"387","1st",1,"female",35,1,0,90,"Southampton","Miss",0
"388","1st",1,"female",38,0,0,80,"Southampton","Miss",1
"389","1st",0,"male",24,0,1,247.520798,"Cherbourg","Mrs",0
"390","1st",0,"female",50,0,0,28.7124996,"Cherbourg","Mr",1
"391","1st",1,"male",49,0,0,0,"Southampton","Mr",1
"392","1st",0,"male",46,0,0,26,"Southampton","Mr",1
"393","1st",0,"male",50,0,0,26,"Southampton","Mr",1
"394","1st",0,"male",32.5,0,0,211.5,"Cherbourg","Mr",1
"395","1st",0,"male",58,0,0,29.7000008,"Cherbourg","Mr",1
"396","1st",0,"male",41,1,0,51.8624992,"Southampton","Mrs",0
"398","1st",1,"male",42,1,0,52.5541992,"Southampton","Mrs",0
"399","1st",1,"female",45,1,0,52.5541992,"Southampton","Mr",0
"400","1st",1,"female",50,0,1,247.520798,"Cherbourg","Miss",0
"402","1st",1,"female",39,0,0,211.337494,"Southampton","Dr",1
"403","1st",1,"female",49,0,0,25.9291992,"Southampton","Miss",1
"404","1st",1,"female",30,0,0,106.425003,"Cherbourg","Mr",1
"405","1st",1,"male",35,0,0,512.329224,"Cherbourg","Mr",1
"407","1st",0,"male",42,0,0,26.5499992,"Southampton","Mrs",1
"408","1st",1,"female",55,0,0,27.7208004,"Cherbourg","Miss",1
"409","1st",1,"female",16,0,1,39.4000015,"Southampton","Mrs",0
"410","1st",1,"female",51,0,1,39.4000015,"Southampton","Mr",0
"411","1st",1,"female",32,0,0,76.2917023,"Cherbourg","Mr",1
"412","1st",0,"male",29,0,0,30,"Southampton","Miss",1
"413","1st",1,"female",21,0,0,77.9582977,"Southampton","Mr",1
"414","1st",0,"male",30,0,0,45.5,"Southampton","Miss",1
"415","1st",1,"female",58,0,0,146.520798,"Cherbourg","Miss",1
"416","1st",1,"female",15,0,1,211.337494,"Southampton","Mr",0
"417","1st",0,"male",30,0,0,26,"Southampton","Miss",1
"418","1st",1,"female",16,0,0,86.5,"Southampton","Mr",1
"420","1st",0,"male",19,1,0,53.0999985,"Southampton","Mrs",0
"421","1st",1,"female",18,1,0,53.0999985,"Southampton","Mlle",0
"422","1st",1,"male",0.916700006,1,2,151.550003,"Southampton","Miss",0
"423","1st",0,"male",36,0,0,75.2416992,"Cherbourg","Mr",1
"424","1st",1,"female",24,0,0,49.5042,"Cherbourg","Mr",1
"425","1st",0,"male",46,0,0,75.2416992,"Cherbourg","Mr",1
"426","1st",0,"male",54,0,0,51.8624992,"Southampton","Mr",1
"427","1st",1,"male",36,0,0,26.2875004,"Southampton","Mr",1
"428","1st",0,"male",28,1,0,82.1707993,"Cherbourg","Mrs",0
"430","1st",0,"male",65,0,0,26.5499992,"Southampton","Dr",1
"431","1st",0,"male",44,2,0,90,"Queenstown","Miss",0
"432","1st",1,"female",33,1,0,90,"Queenstown","Mrs",0
"433","1st",1,"female",37,1,0,90,"Queenstown","Mr",0
"434","1st",1,"male",37,1,1,52.5541992,"Southampton","Mrs",0
"435","1st",1,"male",30,1,0,57.75,"Cherbourg","Mr",0
"436","1st",0,"male",55,0,0,30.5,"Southampton","Mr",1
"437","1st",0,"male",47,0,0,42.4000015,"Southampton","Mr",1
"438","1st",0,"male",37,0,1,29.7000008,"Cherbourg","Miss",0
"439","1st",1,"female",31,1,0,113.275002,"Cherbourg","Miss",0
"440","1st",1,"female",23,1,0,113.275002,"Cherbourg","Mr",0
"441","1st",0,"male",58,0,2,113.275002,"Cherbourg","Miss",0
"442","1st",1,"female",19,0,2,26.2833004,"Southampton","Mr",0
"443","1st",0,"male",64,0,0,26,"Southampton","Dona",1
"444","1st",1,"female",39,0,0,108.900002,"Cherbourg","Mr",1
"445","1st",1,"female",47,1,1,52.5541992,"Southampton","Mr",0
"447","1st",1,"female",22,0,1,61.9791985,"Cherbourg","Mr",0
"448","1st",0,"male",65,0,1,61.9791985,"Cherbourg","Mr",0
"449","1st",0,"male",28.5,0,0,27.7208004,"Cherbourg","Mr",1
"451","1st",0,"male",45.5,0,0,28.5,"Southampton","Mr",1
"452","1st",0,"male",23,0,0,93.5,"Southampton","Mr",1
"453","1st",0,"male",29,1,0,66.5999985,"Southampton","Mrs",0
"454","1st",1,"female",22,1,0,66.5999985,"Southampton","Mr",0
"455","1st",0,"male",18,1,0,108.900002,"Cherbourg","Mrs",0
"456","1st",1,"male",26,0,0,30,"Cherbourg","Miss",1
"457","1st",1,"female",17,1,0,108.900002,"Cherbourg","Miss",0
"458","1st",1,"female",30,0,0,93.5,"Southampton","Major",1
"459","1st",1,"male",52,0,0,30.5,"Southampton","Mr",1
"460","1st",0,"male",47,0,0,52,"Southampton","Mrs",1
"461","1st",1,"female",56,0,1,83.1583023,"Cherbourg","Jonkheer",0
"462","1st",0,"male",38,0,0,0,"Southampton","Mr",1
"464","1st",0,"male",22,0,0,135.633301,"Cherbourg","Mr",1
"466","1st",1,"female",43,0,1,211.337494,"Southampton","Mr",0
"467","1st",1,"female",42,0,0,227.524994,"Cherbourg","Miss",1
"468","1st",0,"male",31,0,0,50.4958,"Southampton","Mr",1
"469","1st",1,"male",45,0,0,26.5499992,"Southampton","Mr",1
"471","1st",1,"female",33,0,0,27.7208004,"Cherbourg","Mr",1
"472","1st",0,"male",46,0,0,79.1999969,"Cherbourg","Mr",1
"473","1st",0,"male",36,0,0,40.125,"Cherbourg","Countess",1
"474","1st",1,"female",33,0,0,86.5,"Southampton","Mr",1
"475","1st",0,"male",55,1,0,59.4000015,"Cherbourg","Mrs",0
"476","1st",1,"female",54,1,0,59.4000015,"Cherbourg","Mr",0
"477","1st",0,"male",33,0,0,26.5499992,"Southampton","Master",1
"478","1st",1,"female",29,0,0,221.779205,"Southampton","Mr",1
"479","1st",1,"male",13,2,2,262.375,"Cherbourg","Miss",0
"480","1st",1,"female",18,2,2,262.375,"Cherbourg","Miss",0
"481","1st",1,"female",21,2,2,262.375,"Cherbourg","Mr",0
"482","1st",0,"male",61,1,3,262.375,"Cherbourg","Mrs",0
"483","1st",1,"female",48,1,3,262.375,"Cherbourg","Mr",0
"485","1st",1,"female",24,0,0,69.3000031,"Cherbourg","Mr",1
"487","1st",1,"female",35,1,0,57.75,"Cherbourg","Miss",0
"488","1st",1,"female",30,0,0,31,"Cherbourg","Mr",1
"489","1st",0,"male",25,0,0,26,"Cherbourg","Mr",1
"490","1st",1,"male",34,0,0,26.5499992,"Southampton","Miss",1
"491","1st",1,"female",40,0,0,153.462494,"Southampton","Mr",1
"492","1st",1,"male",35,0,0,26.2875004,"Southampton","Mr",1
"493","1st",0,"male",50,1,0,55.9000015,"Southampton","Mrs",0
"494","1st",1,"female",39,1,0,55.9000015,"Southampton","Col",0
"495","1st",1,"male",56,0,0,35.5,"Cherbourg","Mr",1
"496","1st",1,"male",28,0,0,35.5,"Southampton","Mr",1
"497","1st",0,"male",56,0,0,26.5499992,"Southampton","Mr",1
"498","1st",0,"male",56,0,0,30.6958008,"Cherbourg","Mr",1
"499","1st",0,"male",24,1,0,60,"Southampton","Mr",0
"500","1st",1,"male",25,1,0,91.0792007,"Cherbourg","Mrs",0
"502","1st",1,"female",18,1,0,60,"Southampton","Mr",0
"503","1st",1,"male",24,1,0,82.2667007,"Southampton","Mrs",0
"504","1st",1,"female",23,1,0,82.2667007,"Southampton","Master",0
"505","1st",1,"male",6,0,2,134.5,"Cherbourg","Mr",0
"506","1st",1,"male",45,1,1,134.5,"Cherbourg","Mrs",0
"507","1st",1,"female",40,1,1,134.5,"Cherbourg","Mr",0
"508","1st",0,"male",57,1,0,146.520798,"Cherbourg","Mrs",0
"510","1st",1,"male",32,0,0,30.5,"Cherbourg","Mr",1
"511","1st",1,"female",19,1,0,91.0792007,"Cherbourg","Miss",0
"512","1st",0,"male",62,0,0,26.5499992,"Southampton","Mr",1
"513","1st",1,"male",54,1,0,55.4417,"Cherbourg","Mrs",0
"514","1st",1,"female",43,1,0,55.4417,"Cherbourg","Mrs",0
"515","1st",1,"female",52,1,0,78.2667007,"Cherbourg","Mr",0
"517","1st",1,"female",62,0,0,80,"Southampton","Mr",1
"518","1st",0,"male",67,1,0,221.779205,"Southampton","Mrs",0
"519","1st",0,"female",63,1,0,221.779205,"Southampton","Mr",0
"520","1st",0,"male",61,0,0,32.3208008,"Southampton","Mrs",1
"521","1st",1,"female",48,0,0,25.9291992,"Southampton","Miss",1
"522","1st",1,"female",35,0,0,135.633301,"Southampton","Mr",1
"523","1st",1,"female",18,0,2,79.6500015,"Southampton","Mr",0
"524","1st",0,"male",52,1,1,79.6500015,"Southampton","Mrs",0
"525","1st",1,"female",39,1,1,79.6500015,"Southampton","Mr",0
"526","1st",1,"male",48,1,0,52,"Southampton","Mrs",0
"528","1st",0,"male",49,1,1,110.883301,"Cherbourg","Mr",0
"529","1st",1,"male",17,0,2,110.883301,"Cherbourg","Mrs",0
"530","1st",1,"female",39,1,1,110.883301,"Cherbourg","Mrs",0
"532","1st",1,"male",31,0,0,28.5375004,"Cherbourg","Don",1
"533","1st",0,"female",2,1,2,151.550003,"Southampton","Mr",0
"534","1st",1,"male",28,0,0,26.5499992,"Southampton","Mr",1
"535","1st",0,"male",40,0,0,27.7208004,"Cherbourg","Mr",1
"536","1st",0,"male",61,0,0,33.5,"Southampton","Mr",1
"537","1st",0,"male",47,0,0,34.0208015,"Southampton","Miss",1
"538","1st",1,"female",35,0,0,512.329224,"Cherbourg","Mr",1
"539","1st",0,"male",64,1,0,75.25,"Cherbourg","Mrs",0
"540","1st",1,"female",60,1,0,75.25,"Cherbourg","Col",0
"541","1st",0,"male",60,0,0,26.5499992,"Southampton","Mr",1
"542","1st",0,"male",54,0,1,77.2874985,"Southampton","Mr",0
"543","1st",0,"male",21,0,1,77.2874985,"Southampton","Mrs",0
"544","1st",1,"female",55,0,0,135.633301,"Cherbourg","Miss",1
"545","1st",0,"male",45,0,0,35.5,"Southampton","Mr",1
"546","1st",1,"female",31,0,2,164.866699,"Southampton","Mr",0
"547","1st",0,"male",57,1,1,164.866699,"Southampton","Mrs",0
"548","1st",1,"female",45,1,1,164.866699,"Southampton","Mr",0
"549","1st",0,"male",50,1,1,211.5,"Cherbourg","Mr",0
"550","1st",0,"male",27,0,2,211.5,"Cherbourg","Mrs",0
"551","1st",1,"female",50,1,1,211.5,"Cherbourg","Miss",0
"552","1st",1,"female",21,0,0,26.5499992,"Southampton","Mr",1
"553","1st",0,"male",51,0,1,61.3792,"Cherbourg","Mr",0
"554","1st",1,"male",21,0,1,61.3792,"Cherbourg","Mr",0
"556","1st",1,"male",40,0,0,31,"Cherbourg","Miss",1
"557","1st",1,"female",31,0,0,134.5,"Cherbourg","Mr",1
"559","1st",0,"male",62,0,0,26.5499992,"Southampton","Miss",1
"560","1st",1,"female",36,0,0,135.633301,"Cherbourg","Mr",1
"561","2nd",0,"male",30,1,0,24,"Cherbourg","Mrs",0
"562","2nd",1,"female",28,1,0,24,"Cherbourg","Mr",0
"563","2nd",0,"male",30,0,0,13,"Southampton","Mr",1
"564","2nd",0,"male",18,0,0,11.5,"Southampton","Mr",1
"565","2nd",0,"male",25,0,0,10.5,"Southampton","Mr",1
"566","2nd",0,"male",34,1,0,26,"Southampton","Mrs",0
"567","1st",1,"female",30,0,0,164.866699,"Southampton","Miss",1
"568","2nd",1,"female",36,1,0,26,"Southampton","Mr",0
"569","2nd",0,"male",57,0,0,13,"Southampton","Mr",1
"570","2nd",0,"male",18,0,0,11.5,"Southampton","Mr",1
"571","2nd",0,"male",23,0,0,10.5,"Southampton","Mrs",1
"572","2nd",1,"female",36,0,0,13,"Southampton","Mr",1
"573","2nd",0,"male",28,0,0,10.5,"Southampton","Rev",1
"574","2nd",0,"male",51,0,0,12.5249996,"Southampton","Mr",1
"575","2nd",1,"male",32,1,0,26,"Southampton","Mrs",0
"576","2nd",1,"female",19,1,0,26,"Southampton","Mr",0
"577","2nd",0,"male",28,0,0,26,"Southampton","Master",1
"578","1st",1,"female",58,0,0,26.5499992,"Southampton","Mr",1
"579","2nd",1,"male",1,2,1,39,"Southampton","Miss",0
"580","2nd",1,"female",4,2,1,39,"Southampton","Miss",0
"581","2nd",1,"female",12,2,1,39,"Southampton","Mrs",0
"582","2nd",1,"female",36,0,3,39,"Southampton","Mr",0
"583","2nd",1,"male",34,0,0,13,"Southampton","Miss",1
"584","2nd",1,"female",19,0,0,13,"Southampton","Mr",1
"585","2nd",0,"male",23,0,0,13,"Southampton","Mr",1
"586","2nd",0,"male",26,0,0,13,"Southampton","Mr",1
"587","2nd",0,"male",42,0,0,13,"Southampton","Mr",1
"588","2nd",0,"male",27,0,0,13,"Southampton","Miss",1
"589","1st",0,"male",42,0,0,26.5499992,"Southampton","Miss",1
"590","2nd",1,"female",24,0,0,13,"Southampton","Miss",1
"591","2nd",1,"female",15,0,2,39,"Southampton","Mr",0
"592","2nd",0,"male",60,1,1,39,"Southampton","Mrs",0
"593","2nd",1,"female",40,1,1,39,"Southampton","Miss",0
"594","2nd",1,"female",20,1,0,26,"Southampton","Mr",0
"595","2nd",0,"male",25,1,0,26,"Southampton","Miss",0
"596","2nd",1,"female",36,0,0,13,"Southampton","Mr",1
"597","2nd",0,"male",25,0,0,13,"Southampton","Rev",1
"598","2nd",0,"male",42,0,0,13,"Southampton","Mrs",1
"599","2nd",1,"female",42,0,0,13,"Southampton","Master",1
"600","1st",1,"female",45,0,0,262.375,"Cherbourg","Miss",1
"601","2nd",1,"male",0.833299994,0,2,29,"Southampton","Mr",0
"602","2nd",1,"male",26,1,1,29,"Southampton","Mrs",0
"603","2nd",1,"female",22,1,1,29,"Southampton","Miss",0
"604","2nd",1,"female",35,0,0,21,"Southampton","Mr",1
"606","2nd",0,"male",19,0,0,13,"Southampton","Mrs",1
"607","2nd",0,"female",44,1,0,26,"Southampton","Rev",0
"608","2nd",0,"male",54,1,0,26,"Southampton","Mr",0
"609","2nd",0,"male",52,0,0,13.5,"Southampton","Mr",1
"610","2nd",0,"male",37,1,0,26,"Southampton","Mrs",0
"611","1st",1,"female",22,0,1,55,"Southampton","Mr",0
"612","2nd",0,"female",29,1,0,26,"Southampton","Miss",0
"613","2nd",1,"female",25,1,1,30,"Southampton","Mrs",0
"614","2nd",1,"female",45,0,2,30,"Southampton","Mr",0
"615","2nd",0,"male",29,1,0,26,"Southampton","Mrs",0
"616","2nd",1,"female",28,1,0,26,"Southampton","Mr",0
"617","2nd",0,"male",29,0,0,10.5,"Southampton","Mr",1
"618","2nd",0,"male",28,0,0,13,"Southampton","Mr",1
"619","2nd",1,"male",24,0,0,10.5,"Southampton","Miss",1
"620","2nd",1,"female",8,0,2,26.25,"Southampton","Mr",0
"621","2nd",0,"male",31,1,1,26.25,"Southampton","Mrs",0
"623","2nd",1,"female",31,1,1,26.25,"Southampton","Mrs",0
"624","2nd",1,"female",22,0,0,10.5,"Southampton","Mrs",1
"625","2nd",0,"female",30,0,0,13,"Southampton","Mrs",1
"627","2nd",0,"male",21,0,0,11.5,"Southampton","Mr",1
"629","2nd",1,"male",8,1,1,36.75,"Southampton","Mr",0
"630","2nd",0,"male",18,0,0,73.5,"Southampton","Mrs",1
"631","2nd",1,"female",48,0,2,36.75,"Southampton","Miss",0
"632","2nd",1,"female",28,0,0,13,"Southampton","Mr",1
"633","1st",0,"male",41,0,0,30.5,"Southampton","Mr",1
"634","2nd",0,"male",32,0,0,13,"Southampton","Mr",1
"635","2nd",0,"male",17,0,0,73.5,"Southampton","Mr",1
"636","2nd",0,"male",29,1,0,27.7208004,"Cherbourg","Mrs",0
"637","2nd",1,"female",24,1,0,27.7208004,"Cherbourg","Mr",0
"638","2nd",0,"male",25,0,0,31.5,"Southampton","Mr",1
"639","2nd",0,"male",18,0,0,73.5,"Southampton","Miss",1
"640","2nd",1,"female",18,0,1,23,"Southampton","Mrs",0
"641","2nd",1,"female",34,0,1,23,"Southampton","Mr",0
"642","2nd",0,"male",54,0,0,26,"Southampton","Master",1
"643","2nd",1,"male",8,0,2,32.5,"Southampton","Mr",0
"644","1st",0,"male",30,1,2,151.550003,"Southampton","Mrs",0
"645","1st",0,"male",48,0,0,50.4958,"Cherbourg","Dr",1
"646","2nd",0,"male",42,1,1,32.5,"Southampton","Mrs",0
"647","2nd",1,"female",34,1,1,32.5,"Southampton","Miss",0
"648","2nd",1,"female",27,1,0,13.8583002,"Cherbourg","Miss",0
"649","2nd",1,"female",30,1,0,13.8583002,"Cherbourg","Mr",0
"650","2nd",0,"male",23,0,0,13,"Southampton","Mr",1
"651","2nd",0,"male",21,0,0,13,"Southampton","Mr",1
"652","2nd",0,"male",18,0,0,13,"Southampton","Mr",1
"653","2nd",0,"male",40,1,0,26,"Southampton","Mrs",0
"654","2nd",1,"female",29,1,0,26,"Southampton","Mr",0
"655","2nd",0,"male",18,0,0,10.5,"Southampton","Mr",1
"657","2nd",0,"male",36,0,0,13,"Southampton","Mr",1
"659","2nd",0,"female",38,0,0,13,"Southampton","Mr",1
"660","2nd",0,"male",35,0,0,26,"Southampton","Mr",1
"661","2nd",0,"male",38,1,0,21,"Southampton","Mr",0
"662","2nd",0,"male",34,1,0,21,"Southampton","Miss",0
"663","2nd",1,"female",34,0,0,13,"Southampton","Mr",1
"664","2nd",0,"male",16,0,0,26,"Southampton","Mr",1
"665","2nd",0,"male",26,0,0,10.5,"Southampton","Mr",1
"666","2nd",0,"male",47,0,0,10.5,"Southampton","Mr",1
"667","1st",1,"female",44,0,0,27.7208004,"Cherbourg","Mrs",1
"668","2nd",0,"male",21,1,0,11.5,"Southampton","Mr",0
"669","2nd",0,"male",21,1,0,11.5,"Southampton","Mr",0
"670","2nd",0,"male",24,0,0,13.5,"Southampton","Mr",1
"671","2nd",0,"male",24,0,0,13,"Southampton","Mr",1
"672","2nd",0,"male",34,0,0,13,"Southampton","Mr",1
"673","2nd",0,"male",30,0,0,13,"Southampton","Mr",1
"674","2nd",0,"male",52,0,0,13,"Southampton","Mr",1
"675","2nd",0,"male",30,0,0,13,"Southampton","Master",1
"676","2nd",1,"male",0.666700006,1,1,14.5,"Southampton","Mrs",0
"677","2nd",1,"female",24,0,2,14.5,"Southampton","Mr",0
"678","1st",1,"female",59,2,0,51.4791985,"Southampton","Mrs",0
"679","2nd",0,"male",44,0,0,13,"Southampton","Miss",1
"680","2nd",1,"female",6,0,1,33,"Southampton","Rev",0
"681","2nd",0,"male",28,0,1,33,"Southampton","Mr",0
"682","2nd",1,"male",62,0,0,10.5,"Southampton","Mr",1
"683","2nd",0,"male",30,0,0,10.5,"Southampton","Miss",1
"684","2nd",1,"female",7,0,2,26.25,"Southampton","Mr",0
"685","2nd",0,"male",43,1,1,26.25,"Southampton","Mrs",0
"686","2nd",1,"female",45,1,1,26.25,"Southampton","Miss",0
"687","2nd",1,"female",24,1,2,65,"Southampton","Miss",0
"688","2nd",1,"female",24,1,2,65,"Southampton","Mr",0
"689","1st",1,"female",60,0,0,76.2917023,"Cherbourg","Miss",1
"690","2nd",0,"male",49,1,2,65,"Southampton","Mrs",0
"691","2nd",1,"female",48,1,2,65,"Southampton","Mrs",0
"692","2nd",1,"female",55,0,0,16,"Southampton","Mr",1
"693","2nd",0,"male",24,2,0,73.5,"Southampton","Mr",0
"694","2nd",0,"male",32,2,0,73.5,"Southampton","Mr",0
"695","2nd",0,"male",21,2,0,73.5,"Southampton","Miss",0
"696","2nd",0,"female",18,1,1,13,"Southampton","Miss",0
"697","2nd",1,"female",20,2,1,23,"Southampton","Mr",0
"698","2nd",0,"male",23,2,1,11.5,"Southampton","Mr",0
"699","2nd",0,"male",36,0,0,13,"Southampton","Mrs",1
"700","1st",1,"female",41,0,0,134.5,"Cherbourg","Major",1
"701","2nd",1,"female",54,1,3,23,"Southampton","Mr",0
"702","2nd",0,"male",50,0,0,13,"Southampton","Mr",1
"703","2nd",0,"male",44,1,0,26,"Southampton","Mrs",0
"704","2nd",1,"female",29,1,0,26,"Southampton","Mr",0
"705","2nd",0,"male",21,0,0,73.5,"Southampton","Mr",1
"706","2nd",1,"male",42,0,0,13,"Southampton","Mr",1
"707","2nd",0,"male",63,1,0,26,"Southampton","Mrs",0
"708","2nd",0,"female",60,1,0,26,"Southampton","Mr",0
"709","2nd",0,"male",33,0,0,12.2749996,"Southampton","Miss",1
"710","2nd",1,"female",17,0,0,10.5,"Southampton","Mr",1
"711","1st",0,"male",45,0,0,26.5499992,"Southampton","Mr",1
"712","2nd",0,"male",42,1,0,27,"Southampton","Mrs",0
"713","2nd",1,"female",24,2,1,27,"Southampton","Mr",0
"714","2nd",0,"male",47,0,0,15,"Southampton","Mr",1
"715","2nd",0,"male",24,2,0,31.5,"Southampton","Mr",0
"716","2nd",0,"male",22,2,0,31.5,"Southampton","Mr",0
"717","2nd",0,"male",32,0,0,10.5,"Southampton","Mrs",1
"718","2nd",1,"female",23,0,0,13.7917004,"Cherbourg","Mr",1
"719","2nd",0,"male",34,1,0,26,"Southampton","Mrs",0
"720","2nd",1,"female",24,1,0,26,"Southampton","Mrs",0
"721","2nd",0,"female",22,0,0,21,"Southampton","Miss",1
"724","2nd",0,"male",35,0,0,12.3500004,"Queenstown","Mrs",1
"725","2nd",1,"female",45,0,0,13.5,"Southampton","Rev",1
"726","2nd",0,"male",57,0,0,12.3500004,"Queenstown","Mr",1
"728","2nd",0,"male",31,0,0,10.5,"Southampton","Mrs",1
"729","2nd",0,"female",26,1,1,26,"Southampton","Rev",0
"730","2nd",0,"male",30,1,1,26,"Southampton","Mr",0
"732","2nd",1,"female",1,1,2,41.5792007,"Cherbourg","Miss",0
"733","1st",1,"male",42,0,0,26.2875004,"Southampton","Mrs",1
"734","2nd",1,"female",3,1,2,41.5792007,"Cherbourg","Mr",0
"735","2nd",0,"male",25,1,2,41.5792007,"Cherbourg","Mrs",0
"736","2nd",1,"female",22,1,2,41.5792007,"Cherbourg","Miss",0
"737","2nd",1,"female",17,0,0,12,"Cherbourg","Miss",1
"739","2nd",1,"female",34,0,0,10.5,"Southampton","Mr",1
"740","2nd",0,"male",36,0,0,12.875,"Cherbourg","Mr",1
"741","2nd",0,"male",24,0,0,10.5,"Southampton","Mr",1
"742","2nd",0,"male",61,0,0,12.3500004,"Queenstown","Mr",1
"743","2nd",0,"male",50,1,0,26,"Southampton","Mrs",0
"744","1st",1,"female",53,0,0,27.4458008,"Cherbourg","Mr",1
"745","2nd",1,"female",42,1,0,26,"Southampton","Mrs",0
"746","2nd",0,"female",57,0,0,10.5,"Southampton","Mr",1
"748","2nd",1,"male",1,0,2,37.0042,"Cherbourg","Mr",0
"749","2nd",0,"male",31,1,1,37.0042,"Cherbourg","Mrs",0
"750","2nd",1,"female",24,1,1,37.0042,"Cherbourg","Mr",0
"752","2nd",0,"male",30,0,0,13,"Southampton","Mr",1
"753","2nd",0,"male",40,0,0,16,"Southampton","Mr",1
"754","2nd",0,"male",32,0,0,13.5,"Southampton","Mr",1
"755","1st",0,"female",25,1,2,151.550003,"Southampton","Mr",0
"756","1st",1,"male",36,0,1,512.329224,"Cherbourg","Mrs",0
"757","2nd",0,"male",30,0,0,13,"Southampton","Mr",1
"758","2nd",0,"male",46,0,0,26,"Southampton","Miss",1
"759","2nd",1,"female",13,0,1,19.5,"Southampton","Mrs",0
"760","2nd",1,"female",41,0,1,19.5,"Southampton","Mr",0
"761","2nd",1,"male",19,0,0,10.5,"Southampton","Mr",1
"762","2nd",0,"male",39,0,0,13,"Southampton","Mr",1
"763","2nd",0,"male",48,0,0,13,"Southampton","Mr",1
"764","2nd",0,"male",70,0,0,10.5,"Southampton","Rev",1
"765","2nd",0,"male",27,0,0,13,"Southampton","Dr",1
"766","2nd",0,"male",54,0,0,14,"Southampton","Mr",1
"767","1st",1,"female",58,0,1,512.329224,"Cherbourg","Mr",0
"768","2nd",0,"male",39,0,0,26,"Southampton","Mr",1
"769","2nd",0,"male",16,0,0,10.5,"Southampton","Mr",1
"770","2nd",0,"male",62,0,0,9.6875,"Queenstown","Mr",1
"771","2nd",0,"male",32.5,1,0,30.0708008,"Cherbourg","Mrs",0
"772","2nd",1,"female",14,1,0,30.0708008,"Cherbourg","Master",0
"773","2nd",1,"male",2,1,1,26,"Southampton","Master",0
"774","2nd",1,"male",3,1,1,26,"Southampton","Mr",0
"775","2nd",0,"male",36.5,0,2,26,"Southampton","Mr",0
"776","2nd",0,"male",26,0,0,13,"Southampton","Mr",1
"777","2nd",0,"male",19,1,1,36.75,"Southampton","Mr",0
"778","1st",0,"male",33,0,0,5,"Southampton","Mr",1
"779","2nd",0,"male",28,0,0,13.5,"Southampton","Mr",1
"780","2nd",1,"male",20,0,0,13.8625002,"Cherbourg","Mrs",1
"781","2nd",1,"female",29,0,0,10.5,"Southampton","Mr",1
"782","2nd",0,"male",39,0,0,13,"Southampton","Mr",1
"783","2nd",1,"male",22,0,0,10.5,"Southampton","Mr",1
"785","2nd",0,"male",23,0,0,10.5,"Southampton","Mr",1
"786","2nd",1,"male",29,0,0,13.8583002,"Cherbourg","Mr",1
"787","2nd",0,"male",28,0,0,10.5,"Southampton","Mr",1
"789","1st",0,"male",28,0,0,47.0999985,"Southampton","Mr",1
"790","2nd",1,"female",50,0,1,26,"Southampton","Mr",0
"791","2nd",0,"male",19,0,0,10.5,"Southampton","Mr",1
"793","2nd",0,"male",41,0,0,13,"Southampton","Miss",1
"794","2nd",1,"female",21,0,1,21,"Southampton","Miss",0
"795","2nd",1,"female",19,0,0,26,"Southampton","Mr",1
"796","2nd",0,"male",43,0,1,21,"Southampton","Mrs",0
"797","2nd",1,"female",32,0,0,13,"Southampton","Mr",1
"798","2nd",0,"male",34,0,0,13,"Southampton","Mr",1
"799","2nd",1,"male",30,0,0,12.7375002,"Cherbourg","Mr",1
"800","1st",0,"male",17,0,0,47.0999985,"Southampton","Master",1
"801","2nd",0,"male",27,0,0,15.0333004,"Cherbourg","Miss",1
"802","2nd",1,"female",2,1,1,26,"Southampton","Miss",0
"803","2nd",1,"female",8,1,1,26,"Southampton","Mrs",0
"804","2nd",1,"female",33,0,2,26,"Southampton","Mr",0
"805","2nd",0,"male",36,0,0,10.5,"Southampton","Mr",1
"806","2nd",0,"male",34,1,0,21,"Southampton","Mrs",0
"807","2nd",1,"female",30,3,0,21,"Southampton","Ms",0
"808","2nd",1,"female",28,0,0,13,"Southampton","Mr",1
"809","2nd",0,"male",23,0,0,15.0458002,"Cherbourg","Master",1
"810","2nd",1,"male",0.833299994,1,1,18.75,"Southampton","Master",0
"811","1st",1,"male",11,1,2,120,"Southampton","Miss",0
"812","2nd",1,"male",3,1,1,18.75,"Southampton","Mrs",0
"813","2nd",1,"female",24,2,3,18.75,"Southampton","Miss",0
"814","2nd",1,"female",50,0,0,10.5,"Southampton","Mr",1
"815","2nd",0,"male",19,0,0,10.5,"Southampton","Miss",1
"816","2nd",1,"female",21,0,0,10.5,"Southampton","Mr",1
"817","2nd",0,"male",26,0,0,13,"Southampton","Mr",1
"818","2nd",0,"male",25,0,0,13,"Southampton","Mr",1
"819","2nd",0,"male",27,0,0,26,"Southampton","Mrs",1
"820","2nd",1,"female",25,0,1,26,"Southampton","Miss",0
"821","2nd",1,"female",18,0,2,13,"Southampton","Miss",0
"822","1st",1,"female",14,1,2,120,"Southampton","Mr",0
"823","2nd",1,"female",20,0,0,36.75,"Southampton","Miss",1
"824","2nd",1,"female",30,0,0,13,"Southampton","Mr",1
"825","2nd",0,"male",59,0,0,13.5,"Southampton","Miss",1
"826","2nd",1,"female",30,0,0,12.3500004,"Queenstown","Mr",1
"827","2nd",0,"male",35,0,0,10.5,"Southampton","Miss",1
"828","2nd",1,"female",40,0,0,13,"Southampton","Mr",1
"829","2nd",0,"male",25,0,0,13,"Southampton","Mr",1
"830","2nd",0,"male",41,0,0,15.0458002,"Cherbourg","Mr",1
"831","2nd",0,"male",25,0,0,10.5,"Southampton","Mr",1
"832","2nd",0,"male",18.5,0,0,13,"Southampton","Mr",1
"833","1st",1,"male",36,1,2,120,"Southampton","Mrs",0
"834","2nd",0,"male",14,0,0,65,"Southampton","Miss",1
"835","2nd",1,"female",50,0,0,10.5,"Southampton","Mr",1
"836","2nd",0,"male",23,0,0,13,"Southampton","Mrs",1
"837","2nd",1,"female",28,0,0,12.6499996,"Southampton","Miss",1
"838","2nd",1,"female",27,0,0,10.5,"Southampton","Mr",1
"839","2nd",0,"male",29,1,0,21,"Southampton","Mrs",0
"840","2nd",0,"female",27,1,0,21,"Southampton","Mr",0
"841","2nd",0,"male",40,0,0,13,"Southampton","Miss",1
"842","2nd",1,"female",31,0,0,21,"Southampton","Mr",1
"843","2nd",0,"male",30,1,0,21,"Southampton","Mr",0
"844","1st",1,"female",36,1,2,120,"Southampton","Mr",0
"845","2nd",0,"male",23,1,0,10.5,"Southampton","Mrs",0
"846","2nd",1,"female",31,0,0,21,"Southampton","Mr",1
"848","2nd",1,"female",12,0,0,15.75,"Southampton","Mrs",1
"849","2nd",1,"female",40,0,0,15.75,"Southampton","Miss",1
"850","2nd",1,"female",32.5,0,0,13,"Southampton","Mr",1
"851","2nd",0,"male",27,1,0,26,"Southampton","Mrs",0
"852","2nd",1,"female",29,1,0,26,"Southampton","Master",0
"853","2nd",1,"male",2,1,1,23,"Southampton","Miss",0
"854","2nd",1,"female",4,1,1,23,"Southampton","Mrs",0
"855","1st",0,"male",49,0,0,26,"Southampton","Mrs",1
"856","2nd",1,"female",29,0,2,23,"Southampton","Miss",0
"857","2nd",1,"female",0.916700006,1,2,27.75,"Southampton","Miss",0
"858","2nd",1,"female",5,1,2,27.75,"Southampton","Mr",0
"859","2nd",0,"male",36,1,2,27.75,"Southampton","Mrs",0
"860","2nd",1,"female",33,1,2,27.75,"Southampton","Mr",0
"861","2nd",0,"male",66,0,0,10.5,"Southampton","Mr",1
"863","2nd",1,"male",31,0,0,13,"Southampton","Mr",1
"865","2nd",1,"female",26,0,0,13.5,"Southampton","Miss",1
"866","1st",1,"male",48,0,0,26.5499992,"Southampton","Miss",1
"868","2nd",0,"female",24,0,0,13,"Southampton","Mr",1
"869","3rd",0,"male",42,0,0,7.55000019,"Southampton","Master",1
"870","3rd",0,"male",13,0,2,20.25,"Southampton","Mr",0
"871","3rd",0,"male",16,1,1,20.25,"Southampton","Mrs",0
"872","3rd",1,"female",35,1,1,20.25,"Southampton","Miss",0
"873","3rd",1,"female",16,0,0,7.6500001,"Southampton","Mr",1
"874","3rd",1,"male",25,0,0,7.6500001,"Southampton","Mr",1
"875","3rd",1,"male",20,0,0,7.92500019,"Southampton","Mrs",1
"876","3rd",1,"female",18,0,0,7.22919989,"Cherbourg","Mr",1
"877","3rd",0,"male",30,0,0,7.25,"Southampton","Mr",1
"878","1st",0,"male",36,1,0,78.8499985,"Southampton","Mrs",0
"879","3rd",0,"male",26,0,0,8.05000019,"Southampton","Mrs",1
"880","3rd",0,"female",40,1,0,9.47500038,"Southampton","Master",0
"881","3rd",1,"male",0.833299994,0,1,9.35000038,"Southampton","Mrs",0
"882","3rd",1,"female",18,0,1,9.35000038,"Southampton","Mr",0
"883","3rd",1,"male",26,0,0,18.7875004,"Cherbourg","Mr",1
"884","3rd",0,"male",26,0,0,7.88749981,"Southampton","Mr",1
"885","3rd",0,"male",20,0,0,7.92500019,"Southampton","Mr",1
"886","3rd",0,"male",24,0,0,7.05000019,"Southampton","Mr",1
"887","3rd",0,"male",25,0,0,7.05000019,"Southampton","Mr",1
"888","3rd",0,"male",35,0,0,8.05000019,"Southampton","Mr",1
"889","1st",1,"female",76,1,0,78.8499985,"Southampton","Mr",0
"890","3rd",0,"male",18,0,0,8.30000019,"Southampton","Mr",1
"891","3rd",0,"male",32,0,0,22.5249996,"Southampton","Miss",1
"892","3rd",1,"female",19,1,0,7.85419989,"Southampton","Master",0
"893","3rd",0,"male",4,4,2,31.2749996,"Southampton","Miss",0
"894","3rd",0,"female",6,4,2,31.2749996,"Southampton","Miss",0
"895","3rd",0,"female",2,4,2,31.2749996,"Southampton","Miss",0
"896","3rd",1,"female",17,4,2,7.92500019,"Southampton","Miss",0
"897","3rd",0,"female",38,4,2,7.7750001,"Southampton","Miss",0
"898","3rd",0,"female",9,4,2,31.2749996,"Southampton","Miss",0
"899","3rd",0,"female",11,4,2,31.2749996,"Southampton","Mr",0
"900","1st",0,"male",46,1,0,61.1749992,"Southampton","Mrs",0
"901","3rd",0,"male",39,1,5,31.2749996,"Southampton","Mr",0
"902","3rd",1,"male",27,0,0,7.79580021,"Southampton","Mr",1
"903","3rd",0,"male",26,0,0,7.7750001,"Southampton","Mrs",1
"904","3rd",0,"female",39,1,5,31.2749996,"Southampton","Mr",0
"905","3rd",0,"male",20,0,0,7.85419989,"Southampton","Mr",1
"906","3rd",0,"male",26,0,0,7.89580011,"Southampton","Mr",1
"907","3rd",0,"male",25,1,0,17.7999992,"Southampton","Mrs",0
"908","3rd",0,"female",18,1,0,17.7999992,"Southampton","Mr",0
"909","3rd",0,"male",24,0,0,7.7750001,"Southampton","Mr",1
"910","3rd",0,"male",35,0,0,7.05000019,"Southampton","Master",1
"911","1st",1,"female",47,1,0,61.1749992,"Southampton","Mr",0
"912","3rd",0,"male",5,4,2,31.3875008,"Southampton","Master",0
"913","3rd",0,"male",9,4,2,31.3875008,"Southampton","Master",0
"914","3rd",1,"male",3,4,2,31.3875008,"Southampton","Master",0
"915","3rd",0,"male",13,4,2,31.3875008,"Southampton","Miss",0
"916","3rd",1,"female",5,4,2,31.3875008,"Southampton","Mr",0
"917","3rd",0,"male",40,1,5,31.3875008,"Southampton","Mr",0
"918","3rd",1,"male",23,0,0,7.79580021,"Southampton","Mrs",1
"919","3rd",1,"female",38,1,5,31.3875008,"Southampton","Mrs",0
"920","3rd",1,"female",45,0,0,7.2249999,"Cherbourg","Mr",1
"921","3rd",0,"male",21,0,0,7.2249999,"Cherbourg","Mr",1
"922","1st",1,"male",27,1,0,53.0999985,"Southampton","Mrs",0
"923","3rd",0,"male",23,0,0,7.05000019,"Southampton","Miss",1
"924","3rd",0,"female",17,0,0,14.4582996,"Cherbourg","Mr",1
"925","3rd",0,"male",30,0,0,7.2249999,"Cherbourg","Mr",1
"926","3rd",0,"male",23,0,0,7.85419989,"Southampton","Miss",1
"927","3rd",1,"female",13,0,0,7.22919989,"Cherbourg","Mr",1
"928","3rd",0,"male",20,0,0,7.2249999,"Cherbourg","Mr",1
"929","3rd",0,"male",32,1,0,15.8500004,"Southampton","Mrs",0
"930","3rd",1,"female",33,3,0,15.8500004,"Southampton","Miss",0
"931","3rd",1,"female",0.75,2,1,19.2583008,"Cherbourg","Miss",0
"932","3rd",1,"female",0.75,2,1,19.2583008,"Cherbourg","Miss",0
"933","1st",1,"female",33,1,0,53.0999985,"Southampton","Miss",0
"934","3rd",1,"female",5,2,1,19.2583008,"Cherbourg","Mrs",0
"935","3rd",1,"female",24,0,3,19.2583008,"Cherbourg","Miss",0
"936","3rd",1,"female",18,0,0,8.05000019,"Southampton","Mr",1
"937","3rd",0,"male",40,0,0,7.2249999,"Cherbourg","Mr",1
"938","3rd",0,"male",26,0,0,7.89580011,"Southampton","Mr",1
"939","3rd",1,"male",20,0,0,7.22919989,"Cherbourg","Miss",1
"940","3rd",0,"female",18,0,1,14.4541998,"Cherbourg","Mrs",0
"941","3rd",0,"female",45,0,1,14.4541998,"Cherbourg","Miss",0
"942","3rd",0,"female",27,0,0,7.87919998,"Queenstown","Mr",1
"943","3rd",0,"male",22,0,0,8.05000019,"Southampton","Mr",1
"944","1st",1,"female",36,0,0,262.375,"Cherbourg","Miss",1
"945","3rd",0,"male",19,0,0,8.05000019,"Southampton","Mr",1
"946","3rd",0,"male",26,0,0,7.7750001,"Southampton","Mr",1
"947","3rd",0,"male",22,0,0,9.35000038,"Southampton","Master",1
"949","3rd",0,"male",20,0,0,4.01249981,"Cherbourg","Mr",1
"950","3rd",1,"male",32,0,0,56.4958,"Southampton","Mr",1
"951","3rd",0,"male",21,0,0,7.7750001,"Southampton","Mr",1
"952","3rd",0,"male",18,0,0,7.75,"Southampton","Mr",1
"953","3rd",0,"male",26,0,0,7.89580011,"Southampton","Master",1
"954","3rd",0,"male",6,1,1,15.2458,"Cherbourg","Miss",0
"955","1st",1,"female",30,0,0,86.5,"Southampton","Mr",1
"956","3rd",0,"female",9,1,1,15.2458,"Cherbourg","Mr",0
"960","3rd",0,"male",40,1,1,15.5,"Queenstown","Mrs",0
"961","3rd",0,"female",32,1,1,15.5,"Queenstown","Mr",0
"962","3rd",0,"male",21,0,0,16.1000004,"Southampton","Miss",1
"963","3rd",1,"female",22,0,0,7.7249999,"Queenstown","Miss",1
"964","3rd",0,"female",20,0,0,7.85419989,"Southampton","Mr",1
"965","3rd",0,"male",29,1,0,7.04580021,"Southampton","Mr",0
"966","1st",1,"male",45,0,0,29.7000008,"Cherbourg","Mrs",1
"967","3rd",0,"male",22,1,0,7.25,"Southampton","Mr",0
"968","3rd",0,"male",22,0,0,7.79580021,"Southampton","Mr",1
"969","3rd",0,"male",35,0,0,8.05000019,"Southampton","Miss",1
"970","3rd",0,"female",18.5,0,0,7.28329992,"Queenstown","Mr",1
"971","3rd",1,"male",21,0,0,7.82079983,"Queenstown","Mr",1
"972","3rd",0,"male",19,0,0,6.75,"Queenstown","Miss",1
"973","3rd",0,"female",18,0,0,7.87919998,"Queenstown","Miss",1
"974","3rd",0,"female",21,0,0,8.66250038,"Southampton","Miss",1
"975","3rd",0,"female",30,0,0,8.66250038,"Southampton","Mr",1
"976","3rd",0,"male",18,0,0,8.66250038,"Southampton","Mr",1
"977","1st",1,"female",63,1,0,77.9582977,"Southampton","Mr",0
"979","3rd",0,"male",38,0,0,8.66250038,"Southampton","Mr",1
"980","3rd",0,"male",17,0,0,8.66250038,"Southampton","Mr",1
"981","3rd",0,"male",17,0,0,8.66250038,"Southampton","Miss",1
"982","3rd",0,"female",21,0,0,7.75,"Queenstown","Mr",1
"983","3rd",0,"male",21,0,0,7.75,"Queenstown","Mr",1
"984","3rd",0,"male",21,0,0,8.05000019,"Southampton","Mr",1
"987","3rd",0,"male",28,0,0,7.79580021,"Southampton","Mr",1
"988","3rd",0,"male",24,0,0,7.85419989,"Southampton","Miss",1
"990","3rd",1,"female",16,0,0,7.75,"Queenstown","Miss",1
"991","3rd",0,"female",37,0,0,7.75,"Queenstown","Mr",1
"992","3rd",0,"male",28,0,0,7.25,"Southampton","Mr",1
"993","3rd",0,"male",24,0,0,8.05000019,"Southampton","Mr",1
"994","3rd",0,"male",21,0,0,7.73330021,"Queenstown","Mr",1
"995","3rd",1,"male",32,0,0,56.4958,"Southampton","Mr",1
"996","3rd",0,"male",29,0,0,8.05000019,"Southampton","Mr",1
"997","3rd",0,"male",26,1,0,14.4541998,"Cherbourg","Mr",0
"998","3rd",0,"male",18,1,0,14.4541998,"Cherbourg","Mr",0
"999","3rd",0,"male",20,0,0,7.05000019,"Southampton","Mr",1
"1000","1st",0,"male",27,1,0,136.779205,"Cherbourg","Mrs",0
"1001","3rd",1,"male",18,0,0,8.05000019,"Southampton","Mr",1
"1002","3rd",0,"male",24,0,0,7.25,"Queenstown","Mr",1
"1003","3rd",0,"male",36,0,0,7.49580002,"Southampton","Mr",1
"1004","3rd",0,"male",24,0,0,7.49580002,"Southampton","Mr",1
"1005","3rd",0,"male",31,0,0,7.73330021,"Queenstown","Mr",1
"1006","3rd",0,"male",31,0,0,7.75,"Queenstown","Miss",1
"1007","3rd",1,"female",22,0,0,7.75,"Queenstown","Miss",1
"1008","3rd",0,"female",30,0,0,7.62919998,"Queenstown","Mr",1
"1009","3rd",0,"male",70.5,0,0,7.75,"Queenstown","Mr",1
"1010","3rd",0,"male",43,0,0,8.05000019,"Southampton","Mr",1
"1011","1st",1,"female",26,1,0,136.779205,"Cherbourg","Miss",0
"1012","3rd",0,"male",35,0,0,7.89580011,"Southampton","Mr",1
"1013","3rd",0,"male",27,0,0,7.89580011,"Southampton","Mr",1
"1014","3rd",0,"male",19,0,0,7.89580011,"Southampton","Mr",1
"1015","3rd",0,"male",30,0,0,8.05000019,"Southampton","Master",1
"1016","3rd",1,"male",9,1,1,15.8999996,"Southampton","Master",0
"1017","3rd",1,"male",3,1,1,15.8999996,"Southampton","Mrs",0
"1018","3rd",1,"female",36,0,2,15.8999996,"Southampton","Mr",0
"1019","3rd",0,"male",59,0,0,7.25,"Southampton","Mr",1
"1020","3rd",0,"male",19,0,0,8.1583004,"Southampton","Miss",1
"1021","3rd",1,"female",17,0,1,16.1000004,"Southampton","Mr",0
"1022","1st",1,"female",22,0,0,151.550003,"Southampton","Mr",1
"1023","3rd",0,"male",44,0,1,16.1000004,"Southampton","Mr",0
"1024","3rd",0,"male",17,0,0,8.66250038,"Southampton","Mr",1
"1025","3rd",0,"male",22.5,0,0,7.2249999,"Cherbourg","Mr",1
"1026","3rd",1,"male",45,0,0,8.05000019,"Southampton","Miss",1
"1027","3rd",0,"female",22,0,0,10.5166998,"Southampton","Mr",1
"1028","3rd",0,"male",19,0,0,10.1708002,"Southampton","Miss",1
"1029","3rd",1,"female",30,0,0,6.94999981,"Queenstown","Mr",1
"1030","3rd",1,"male",29,0,0,7.75,"Queenstown","Master",1
"1031","3rd",0,"male",0.333299994,0,2,14.3999996,"Southampton","Mr",0
"1032","3rd",0,"male",34,1,1,14.3999996,"Southampton","Mrs",0
"1034","3rd",0,"female",28,1,1,14.3999996,"Southampton","Mr",0
"1035","3rd",0,"male",27,0,0,7.89580011,"Southampton","Mr",1
"1036","3rd",0,"male",25,0,0,7.89580011,"Southampton","Mr",1
"1037","3rd",0,"male",24,2,0,24.1499996,"Southampton","Mr",0
"1038","3rd",0,"male",22,0,0,8.05000019,"Southampton","Mr",1
"1039","3rd",0,"male",21,2,0,24.1499996,"Southampton","Mr",0
"1040","3rd",0,"male",17,2,0,8.05000019,"Southampton","Mr",0
"1043","3rd",1,"male",36.5,1,0,17.3999996,"Southampton","Mrs",0
"1044","1st",0,"male",47,0,0,25.5874996,"Southampton","Miss",1
"1045","3rd",1,"female",36,1,0,17.3999996,"Southampton","Mr",0
"1046","3rd",1,"male",30,0,0,9.5,"Southampton","Mr",1
"1047","3rd",0,"male",16,0,0,9.5,"Southampton","Master",1
"1048","3rd",1,"male",1,1,2,20.5750008,"Southampton","Miss",0
"1049","3rd",1,"female",0.166700006,1,2,20.5750008,"Southampton","Mr",0
"1050","3rd",0,"male",26,1,2,20.5750008,"Southampton","Mrs",0
"1051","3rd",1,"female",33,1,2,20.5750008,"Southampton","Mr",0
"1052","3rd",0,"male",25,0,0,7.89580011,"Southampton","Mr",1
"1055","1st",1,"female",39,1,1,83.1583023,"Cherbourg","Mr",0
"1056","3rd",0,"male",22,0,0,7.25,"Southampton","Mr",1
"1057","3rd",0,"male",36,0,0,7.25,"Southampton","Miss",1
"1058","3rd",1,"female",19,0,0,7.87919998,"Queenstown","Mr",1
"1059","3rd",0,"male",17,0,0,7.89580011,"Southampton","Mr",1
"1060","3rd",0,"male",42,0,0,8.66250038,"Southampton","Mr",1
"1061","3rd",0,"male",43,0,0,7.89580011,"Southampton","Mr",1
"1063","3rd",0,"male",32,0,0,7.75,"Queenstown","Mr",1
"1064","3rd",1,"male",19,0,0,8.05000019,"Southampton","Miss",1
"1065","3rd",1,"female",30,0,0,12.4750004,"Southampton","Miss",1
"1066","1st",0,"male",37,1,1,83.1583023,"Cherbourg","Mrs",0
"1067","3rd",0,"female",24,0,0,7.75,"Queenstown","Miss",1
"1068","3rd",1,"female",23,0,0,8.05000019,"Southampton","Mr",1
"1069","3rd",0,"male",33,0,0,7.89580011,"Cherbourg","Mr",1
"1070","3rd",0,"male",65,0,0,7.75,"Queenstown","Mr",1
"1071","3rd",1,"male",24,0,0,7.55000019,"Southampton","Mr",1
"1072","3rd",0,"male",23,1,0,13.8999996,"Southampton","Mrs",0
"1073","3rd",1,"female",22,1,0,13.8999996,"Southampton","Mr",0
"1074","3rd",0,"male",18,0,0,7.7750001,"Southampton","Mr",1
"1075","3rd",0,"male",16,0,0,7.7750001,"Southampton","Mr",1
"1076","3rd",0,"male",45,0,0,6.9749999,"Southampton","Mr",1
"1077","1st",1,"female",64,0,2,83.1583023,"Cherbourg","Mrs",0
"1079","3rd",0,"male",39,0,2,7.22919989,"Cherbourg","Mr",0
"1080","3rd",0,"male",17,1,1,7.22919989,"Cherbourg","Mr",0
"1081","3rd",0,"male",15,1,1,7.22919989,"Cherbourg","Mr",0
"1082","3rd",0,"male",47,0,0,7.25,"Southampton","Miss",1
"1083","3rd",1,"female",5,0,0,12.4750004,"Southampton","Mr",1
"1085","3rd",0,"male",40.5,0,0,15.1000004,"Southampton","Mr",1
"1086","3rd",0,"male",40.5,0,0,7.75,"Queenstown","Mr",1
"1088","1st",0,"male",39,0,0,0,"Southampton","Mrs",1
"1089","1st",1,"female",55,2,0,25.7000008,"Southampton","Mr",0
"1090","3rd",0,"male",18,0,0,7.79580021,"Southampton","Miss",1
"1094","3rd",0,"male",26,0,0,7.87919998,"Queenstown","Mr",1
"1097","3rd",0,"female",21,2,2,34.375,"Southampton","Miss",0
"1098","3rd",0,"female",9,2,2,34.375,"Southampton","Mr",0
"1101","3rd",0,"male",18,2,2,34.375,"Southampton","Mr",0
"1102","3rd",0,"male",16,1,3,34.375,"Southampton","Mrs",0
"1103","3rd",0,"female",48,1,3,34.375,"Southampton","Mr",0
"1106","3rd",0,"male",25,0,0,7.74170017,"Queenstown","Mr",1
"1109","3rd",0,"male",22,0,0,8.05000019,"Southampton","Miss",1
"1110","3rd",1,"female",16,0,0,7.73330021,"Queenstown","Miss",1
"1111","1st",0,"male",70,1,1,71,"Southampton","Miss",0
"1113","3rd",1,"male",9,0,2,20.5249996,"Southampton","Mr",0
"1114","3rd",0,"male",33,1,1,20.5249996,"Southampton","Mr",0
"1115","3rd",0,"male",41,0,0,7.8499999,"Southampton","Mrs",1
"1116","3rd",1,"female",31,1,1,20.5249996,"Southampton","Mr",0
"1117","3rd",0,"male",38,0,0,7.05000019,"Southampton","Master",1
"1118","3rd",0,"male",9,5,2,46.9000015,"Southampton","Master",0
"1119","3rd",0,"male",1,5,2,46.9000015,"Southampton","Master",0
"1120","3rd",0,"male",11,5,2,46.9000015,"Southampton","Miss",0
"1121","3rd",0,"female",10,5,2,46.9000015,"Southampton","Miss",0
"1122","1st",1,"female",36,0,2,71,"Southampton","Mrs",0
"1123","3rd",0,"female",16,5,2,46.9000015,"Southampton","Mr",0
"1124","3rd",0,"male",14,5,2,46.9000015,"Southampton","Mr",0
"1125","3rd",0,"male",40,1,6,46.9000015,"Southampton","Mrs",0
"1126","3rd",0,"female",43,1,6,46.9000015,"Southampton","Mr",0
"1127","3rd",0,"male",51,0,0,8.05000019,"Southampton","Mr",1
"1128","3rd",0,"male",32,0,0,8.36250019,"Southampton","Mr",1
"1130","3rd",0,"male",20,0,0,9.8458004,"Southampton","Mr",1
"1131","3rd",0,"male",37,2,0,7.92500019,"Southampton","Mr",0
"1132","3rd",0,"male",28,2,0,7.92500019,"Southampton","Mr",0
"1133","1st",1,"female",64,1,1,26.5499992,"Southampton","Mr",0
"1134","3rd",0,"male",19,0,0,7.7750001,"Southampton","Miss",1
"1135","3rd",0,"female",24,0,0,8.85000038,"Southampton","Miss",1
"1136","3rd",0,"female",17,0,0,7.73330021,"Queenstown","Mr",1
"1139","3rd",0,"male",28,1,0,15.8500004,"Southampton","Mrs",0
"1140","3rd",1,"female",24,1,0,15.8500004,"Southampton","Mr",0
"1141","3rd",0,"male",20,0,0,9.5,"Southampton","Mr",1
"1142","3rd",0,"male",23.5,0,0,7.22919989,"Cherbourg","Mr",1
"1143","3rd",0,"male",41,2,0,14.1083002,"Southampton","Mr",0
"1144","1st",0,"male",39,1,0,71.2833023,"Cherbourg","Mrs",0
"1145","3rd",0,"male",26,1,0,7.85419989,"Southampton","Mr",0
"1146","3rd",0,"male",21,0,0,7.85419989,"Southampton","Mrs",1
"1147","3rd",1,"female",45,1,0,14.1083002,"Southampton","Miss",0
"1149","3rd",0,"male",25,0,0,7.25,"Southampton","Mr",1
"1151","3rd",0,"male",11,0,0,18.7875004,"Cherbourg","Miss",1
"1153","3rd",1,"male",27,0,0,6.9749999,"Southampton","Mr",1
"1155","1st",1,"female",38,1,0,71.2833023,"Cherbourg","Mr",0
"1156","3rd",0,"female",18,0,0,6.75,"Queenstown","Miss",1
"1157","3rd",1,"female",26,0,0,7.92500019,"Southampton","Miss",1
"1158","3rd",0,"female",23,0,0,7.92500019,"Southampton","Miss",1
"1159","3rd",1,"female",22,0,0,8.96249962,"Southampton","Mr",1
"1160","3rd",0,"male",28,0,0,7.89580011,"Southampton","Miss",1
"1161","3rd",0,"female",28,0,0,7.7750001,"Southampton","Miss",1
"1163","3rd",1,"female",2,0,1,12.2875004,"Southampton","Mrs",0
"1164","3rd",1,"female",22,1,1,12.2875004,"Southampton","Mr",0
"1165","3rd",0,"male",43,0,0,6.44999981,"Southampton","Mr",1
"1166","1st",1,"male",51,0,0,26.5499992,"Southampton","Mr",1
"1167","3rd",0,"male",28,0,0,22.5249996,"Southampton","Miss",1
"1168","3rd",1,"female",27,0,0,7.92500019,"Southampton","Mr",1
"1171","3rd",0,"male",42,0,0,7.6500001,"Southampton","Mr",1
"1173","3rd",0,"male",30,0,0,7.22919989,"Cherbourg","Mr",1
"1175","3rd",0,"female",27,1,0,7.92500019,"Southampton","Miss",0
"1176","3rd",0,"female",25,1,0,7.92500019,"Southampton","Mr",0
"1177","1st",1,"male",27,0,0,30.5,"Southampton","Miss",1
"1179","3rd",1,"male",29,0,0,7.89580011,"Cherbourg","Mr",1
"1180","3rd",1,"male",21,0,0,7.79580021,"Southampton","Mr",1
"1182","3rd",0,"male",20,0,0,7.85419989,"Southampton","Mr",1
"1183","3rd",0,"male",48,0,0,7.85419989,"Southampton","Mr",1
"1184","3rd",0,"male",17,1,0,7.05420017,"Southampton","Miss",0
"1187","3rd",0,"male",34,0,0,6.49580002,"Southampton","Mr",1
"1188","1st",1,"female",33,0,0,151.550003,"Southampton","Mr",1
"1189","3rd",1,"male",26,0,0,7.7750001,"Southampton","Mr",1
"1190","3rd",0,"male",22,0,0,7.79580021,"Southampton","Mr",1
"1191","3rd",0,"male",33,0,0,8.6541996,"Southampton","Mr",1
"1192","3rd",0,"male",31,0,0,7.7750001,"Southampton","Mr",1
"1193","3rd",0,"male",29,0,0,7.85419989,"Southampton","Master",1
"1194","3rd",1,"male",4,1,1,11.1332998,"Southampton","Miss",0
"1195","3rd",1,"female",1,1,1,11.1332998,"Southampton","Mr",0
"1196","3rd",0,"male",49,0,0,0,"Southampton","Mr",1
"1197","3rd",0,"male",33,0,0,7.7750001,"Southampton","Mr",1
"1198","3rd",0,"male",19,0,0,0,"Southampton","Mrs",1
"1199","1st",1,"female",53,2,0,51.4791985,"Southampton","Mr",0
"1200","1st",0,"male",31,1,0,52,"Southampton","Mrs",0
"1201","3rd",1,"female",27,0,2,11.1332998,"Southampton","Master",0
"1206","3rd",0,"male",23,0,0,7.89580011,"Southampton","Mr",1
"1207","3rd",1,"male",32,0,0,7.85419989,"Southampton","Mr",1
"1208","3rd",0,"male",27,0,0,7.85419989,"Southampton","Miss",1
"1209","3rd",0,"female",20,1,0,9.82499981,"Southampton","Miss",0
"1210","3rd",0,"female",21,1,0,9.82499981,"Southampton","Mr",0
"1211","1st",1,"female",27,1,2,52,"Southampton","Mr",0
"1212","3rd",1,"male",32,0,0,7.92500019,"Southampton","Mr",1
"1213","3rd",0,"male",17,0,0,7.125,"Southampton","Mr",1
"1214","3rd",0,"male",21,0,0,8.43330002,"Southampton","Mr",1
"1215","3rd",0,"male",30,0,0,7.89580011,"Southampton","Mr",1
"1216","3rd",1,"male",21,0,0,7.79580021,"Southampton","Mr",1
"1217","3rd",0,"male",33,0,0,7.85419989,"Southampton","Mr",1
"1218","3rd",0,"male",22,0,0,7.52080011,"Southampton","Miss",1
"1219","3rd",1,"female",4,0,1,13.4167004,"Cherbourg","Mr",0
"1220","3rd",1,"male",39,0,1,13.4167004,"Cherbourg","Mr",0
"1222","1st",1,"male",31,1,0,57,"Southampton","Mrs",0
"1223","3rd",0,"male",18.5,0,0,7.22919989,"Cherbourg","Mr",1
"1228","3rd",0,"male",34.5,0,0,7.82919979,"Queenstown","Mr",1
"1229","3rd",0,"male",44,0,0,8.05000019,"Southampton","Mr",1
"1233","1st",1,"female",17,1,0,57,"Southampton","Dr",0
"1237","3rd",0,"female",22,2,0,8.66250038,"Southampton","Mr",0
"1238","3rd",0,"male",26,2,0,8.66250038,"Southampton","Miss",0
"1239","3rd",1,"female",4,0,2,22.0249996,"Southampton","Mr",0
"1240","3rd",1,"male",29,3,1,22.0249996,"Southampton","Mrs",0
"1241","3rd",1,"female",26,1,1,22.0249996,"Southampton","Miss",0
"1242","3rd",0,"female",1,1,1,12.1833,"Southampton","Mr",0
"1243","3rd",0,"male",18,1,1,7.85419989,"Southampton","Mrs",0
"1244","1st",1,"male",53,1,1,81.8582993,"Southampton","Master",0
"1245","3rd",0,"female",36,0,2,12.1833,"Southampton","Mr",0
"1247","3rd",1,"male",25,0,0,7.22919989,"Cherbourg","Mr",1
"1249","3rd",0,"female",37,0,0,9.58749962,"Southampton","Mr",1
"1253","3rd",1,"female",22,0,0,7.25,"Southampton","Mr",1
"1255","1st",1,"male",4,0,2,81.8582993,"Southampton","Mrs",0
"1256","3rd",1,"male",26,0,0,56.4958,"Southampton","Mr",1
"1257","3rd",0,"male",29,0,0,9.48330021,"Southampton","Mr",1
"1258","3rd",0,"male",29,0,0,7.7750001,"Southampton","Mr",1
"1259","3rd",0,"male",22,0,0,7.7750001,"Southampton","Mr",1
"1260","3rd",1,"male",22,0,0,7.2249999,"Cherbourg","Master",1
"1266","1st",1,"female",54,1,1,81.8582993,"Southampton","Mr",0
"1267","3rd",0,"male",32,0,0,7.92500019,"Southampton","Mr",1
"1268","3rd",0,"male",34.5,0,0,6.4375,"Cherbourg","Miss",1
"1271","3rd",0,"male",36,0,0,0,"Southampton","Mr",1
"1272","3rd",0,"male",39,0,0,24.1499996,"Southampton","Mr",1
"1273","3rd",0,"male",24,0,0,9.5,"Southampton","Miss",1
"1274","3rd",0,"female",25,0,0,7.7750001,"Southampton","Miss",1
"1275","3rd",0,"female",45,0,0,7.75,"Southampton","Mr",1
"1276","3rd",0,"male",36,1,0,15.5500002,"Southampton","Mrs",0
"1277","1st",0,"male",50,1,0,106.425003,"Cherbourg","Mrs",0
"1278","3rd",0,"female",30,1,0,15.5500002,"Southampton","Mr",0
"1279","3rd",1,"male",20,1,0,7.92500019,"Southampton","Mr",0
"1281","3rd",0,"male",28,0,0,56.4958,"Southampton","Mr",1
"1283","3rd",0,"male",30,1,0,16.1000004,"Southampton","Mrs",0
"1284","3rd",0,"female",26,1,0,16.1000004,"Southampton","Mr",0
"1286","3rd",0,"male",20.5,0,0,7.25,"Southampton","Mr",1
"1287","3rd",1,"male",27,0,0,8.66250038,"Southampton","Mr",1
"1288","1st",1,"female",27,1,1,247.520798,"Cherbourg","Mrs",0
"1289","3rd",0,"male",51,0,0,7.05420017,"Southampton","Miss",1
"1290","3rd",1,"female",23,0,0,7.85419989,"Southampton","Mr",1
"1291","3rd",1,"male",32,0,0,7.57919979,"Southampton","Mr",1
"1295","3rd",1,"male",24,0,0,7.14169979,"Southampton","Mr",1
"1296","3rd",0,"male",22,0,0,7.125,"Southampton","Miss",1
"1299","1st",1,"female",48,1,0,106.425003,"Cherbourg","Lady",0
"1301","3rd",0,"male",29,0,0,7.92500019,"Southampton","Mr",1
"1303","3rd",0,"female",30.5,0,0,7.75,"Queenstown","Miss",1
"1306","3rd",0,"male",35,0,0,7.89580011,"Cherbourg","Mr",1
"1307","3rd",0,"male",33,0,0,7.89580011,"Southampton","Mrs",1
